﻿<?xml version="1.0" encoding="utf-8"?><Project><ItemGroup><S I="21f74c87-b8bc-477d-ac17-72e575784b98" N="1" J="1" /><T I="1a4b801f-3c49-4eed-9af4-440784a74cf9" N="2" J="1/2" /><TC I="1a4b801f-3c49-4eed-9af4-440784a74cf9#C1" N="3" J="1/2#C1" /><TC I="1a4b801f-3c49-4eed-9af4-440784a74cf9#C2" N="4" J="1/2#C2" /><TC I="1a4b801f-3c49-4eed-9af4-440784a74cf9#C3" N="5" J="1/2#C3" /><TC I="1a4b801f-3c49-4eed-9af4-440784a74cf9#C4" N="6" J="1/2#C4" /><TC I="1a4b801f-3c49-4eed-9af4-440784a74cf9#C5" N="7" J="1/2#C5" /></ItemGroup></Project>