﻿<?xml version="1.0" encoding="UTF-8"?>
<!--Copyright © 1998, 2014, Oracle and/or its affiliates.  All rights reserved.-->
<resources>
	<resource xml:id="R_testit_notesconfirm">"Your notes will be discarded.\nDo you want to continue?"</resource>
	<resource xml:id="R_testit_editnotesconfirm">"Your new entry will be discarded.\nDo you want to continue?"</resource>
	<resource xml:id="R_testit_entertester">"Enter tester"</resource>
	<resource xml:id="R_testit_enternotes">"Enter notes"</resource>
	<resource xml:id="R_testit_estimate">"Estimated time"</resource>
	<resource xml:id="R_testit_setup">"Test Setup"</resource>
	<resource xml:id="R_testit_start">"Start the test"</resource>
	<resource xml:id="R_testit_expectedresults">"Expected Results"</resource>
	<resource xml:id="R_testit_markpassed">"Mark this step as passed"</resource>
	<resource xml:id="R_testit_passedmarked">"This step passed"</resource>
	<resource xml:id="R_testit_markfailed">"Mark this step as failed"</resource>
	<resource xml:id="R_testit_failedmarked">"This step failed"</resource>
	<resource xml:id="R_testit_markskipped">"Skip this step"</resource>
	<resource xml:id="R_testit_skippedmarked">"This step was skipped"</resource>
	<resource xml:id="R_testit_opennotes">"Add notes to this step"</resource>
	<resource xml:id="R_testit_openstr">"Open steps to recreate webpage"</resource>
	<resource xml:id="R_testit_str">"Steps to recreate"</resource>
	<resource xml:id="R_testit_noteswindowtitle">"Test Step Notes"</resource>
	<resource xml:id="R_testit_notestitle">"Add a note to this step"</resource>
	<resource xml:id="R_testit_editnotestitle">"Edit your note to this step"</resource>
	<resource xml:id="R_testit_save">"Save"</resource>
	<resource xml:id="R_testit_passed">"Passed"</resource>
	<resource xml:id="R_testit_failed">"Failed"</resource>
	<resource xml:id="R_testit_skipped">"Skipped"</resource>
	<resource xml:id="R_testit_stepnum">"Total number of steps"</resource>
	<resource xml:id="R_testit_result">"Overall test results"</resource>
	<resource xml:id="R_testit_summary">"Results summary"</resource>
	<resource xml:id="R_testit_viewreport">"View detailed report"</resource>
	<resource xml:id="R_testit_gotoreport">"Go to Results summary"</resource>
	<resource xml:id="R_preview_title">"Preview"</resource>
	<resource xml:id="R_preview_text">"Preview is starting ..."</resource>
	<resource xml:id="R_cancel">"Cancel"</resource>
	<resource xml:id="R_About">"About"</resource>
	<resource xml:id="R_wrong_input">"Please enter the requested text."</resource>
	<resource xml:id="R_wrong_key">"Please press the requested key or key combination."</resource>
	<resource xml:id="R_wrong_decision">"Please make a selection from the available options."</resource>
	<resource xml:id="R_wrong_mouse">"Please complete the action in the highlighted area."</resource>
	<resource xml:id="R_no_results">"No applicable content available. "</resource>
	<resource xml:id="R_no_results_linkToAll">"View All."</resource>
	<resource xml:id="R_no_search_results">"No search results found."</resource>
	<resource xml:id="R_default_prefs">"This button restores all Player preferences to their default values.\nDo you want to continue?"</resource>
	<resource xml:id="R_toc_doit_err">"There is another topic already being played"</resource>
	<resource xml:id="R_knowit_knowitdraginstruction">"NOTE:  You can drag the Know It? bubble to a different location, if necessary."</resource>
	<resource xml:id="R_search_AND">"and"</resource>
	<resource xml:id="R_search_OR">"or"</resource>
	<resource xml:id="R_search_NEAR">"near"</resource>
	<resource xml:id="R_mode_doit">"Do It!"</resource>
	<resource xml:id="R_mode_tryit">"Try It!"</resource>
	<resource xml:id="R_mode_seeit">"See It!"</resource>
	<resource xml:id="R_mode_knowit">"Know It?"</resource>
	<resource xml:id="R_mode_printit">"Print It!"</resource>
	<resource xml:id="R_mode_testit">"Test It!"</resource>
	<resource xml:id="R_interface_providefeedback">"Provide Feedback"</resource>
	<resource xml:id="R_interface_askexpert">"Ask An Expert"</resource>
	<resource xml:id="R_interface_action">"Actions"</resource>
	<resource xml:id="R_interface_action_alt">"Display a list of available options"</resource>
	<resource xml:id="R_interface_pause">"Pause"</resource>
	<resource xml:id="R_interface_resume">"Resume"</resource>
	<resource xml:id="R_interface_printit">"Print it!"</resource>
	<resource xml:id="R_interface_graphic">"Show/Hide Graphic"</resource>
	<resource xml:id="R_interface_graphic_alt">"Drag to see the rest of this graphic or right-click to reset."</resource>
	<resource xml:id="R_interface_nextstep">"Click Next Step or press {0} to advance"</resource>
	<resource xml:id="R_interface_nextstep_nokey">"Click Next Step to advance"</resource>
	<resource xml:id="R_interface_left">"Left "</resource>
	<resource xml:id="R_interface_right">"Right "</resource>
	<resource xml:id="R_interface_ctrl">"Ctrl"</resource>
	<resource xml:id="R_interface_alt">"Alt"</resource>
	<resource xml:id="R_interface_shift">"Shift"</resource>
	<resource xml:id="R_interface_filmstrip">"Display graphic for this step"</resource>
	<resource xml:id="R_tooltip_viewtryit">"View step in Try It! mode"</resource>
	<resource xml:id="R_bubletext_then">"Next:"</resource>
	<resource xml:id="R_bubble_closeondemand">"Close"</resource>
	<resource xml:id="R_menu_viewoutline">"View Outline"</resource>
	<resource xml:id="R_menu_nextstep">"Next Step"</resource>
	<resource xml:id="R_menu_prevstep">"Previous Step"</resource>
	<resource xml:id="R_menu_play">"Play"</resource>
	<resource xml:id="R_menu_start">"Restart Playback"</resource>
	<resource xml:id="R_menu_alternatives">"Show next alternative action"</resource>
	<resource xml:id="R_menu_concepts">"Display Concept"</resource>
	<resource xml:id="R_menu_infoblocks">"Attachments"</resource>
	<resource xml:id="R_menu_history">"History"</resource>
	<resource xml:id="R_menu_preferences">"Preferences"</resource>
	<resource xml:id="R_menu_share">"Share"</resource>
	<resource xml:id="R_menu_help">"Help"</resource>
	<resource xml:id="R_menu_Close">"Close Topic"</resource>
	<resource xml:id="R_menu_Start">"Start"</resource>
	<resource xml:id="R_menu_Finish">"Finish"</resource>
	<resource xml:id="R_menu_press">"Press [Enter] to "</resource>
	<resource xml:id="R_menu_press_esc">"Press [Esc] to "</resource>
	<resource xml:id="R_menu_close">"close"</resource>
	<resource xml:id="R_menu_this">" this window."</resource>
	<resource xml:id="R_gimenu_close">"Close this window"</resource>
	<resource xml:id="R_jumpin_header">"Start topic at:"</resource>
	<resource xml:id="R_jumpin_beginning">"Beginning of topic"</resource>
	<resource xml:id="R_jumpin_link">"Jump in directly to the selected step"</resource>
	<resource xml:id="R_share_legend">"Start Options"</resource>
	<resource xml:id="R_share_outline">"Start at the outline with this topic selected"</resource>
	<resource xml:id="R_share_beginning">"Start at the beginning of this topic"</resource>
	<resource xml:id="R_share_current">"Start this topic at the current location"</resource>
	<resource xml:id="R_certificate_header">"Know It? - Scoring Results"</resource>
	<resource xml:id="R_certificate_result">"Result:"</resource>
	<resource xml:id="R_certificate_pass">"Pass"</resource>
	<resource xml:id="R_certificate_fail">"Fail"</resource>
	<resource xml:id="R_certificate_percentComplete">"Total percentage of steps completed without assistance:"</resource>
	<resource xml:id="R_certificate_percentNeeded">"Percentage needed to pass:"</resource>
	<resource xml:id="R_certificate_DateTime">"Date and time printed:"</resource>
	<resource xml:id="R_certificate_signature">"Signature"</resource>
	<resource xml:id="R_certificate_print">"Print"</resource>
	<resource xml:id="R_certificate_close">"Close"</resource>
	<resource xml:id="R_certificate_PCTChar">"%"</resource>
	<resource xml:id="R_certificate_TitleExtension">" - Scoring Results"</resource>
	<resource xml:id="R_preferences_title">"Preferences"</resource>
	<resource xml:id="R_preferences_OK">"OK"</resource>
	<resource xml:id="R_preferences_cancel">"Cancel"</resource>
	<resource xml:id="R_preferences_apply">"Apply"</resource>
	<resource xml:id="R_preferences_help">"Help..."</resource>
	<resource xml:id="R_preferences_options">"Interface Options"</resource>
	<resource xml:id="R_preferences_marquee">"Marquee color:"</resource>
	<resource xml:id="R_preferences_changecolor">"Change..."</resource>
	<resource xml:id="R_preferences_changecolor_title">"Change the marquee color"</resource>
	<resource xml:id="R_preferences_playaudio">"Play audio (if available):"</resource>
	<resource xml:id="R_preferences_nosound">"No sound"</resource>
	<resource xml:id="R_preferences_keyboardsound">"Keyboard and mouse clicks"</resource>
	<resource xml:id="R_preferences_allsound">"All available sound"</resource>
	<resource xml:id="R_preferences_showintroduction">"Show introduction text"</resource>
	<resource xml:id="R_preferences_showintroduction2">"Click to show introduction text"</resource>
	<resource xml:id="R_preferences_tryitenableskipping">"Enable skipping in Try It! mode"</resource>
	<resource xml:id="R_preferences_tryitenableskipping2">"Check to enable skipping frames in Try It! mode"</resource>
	<resource xml:id="R_preferences_doitcombinations">"Key combination for advancing in Do It! mode:"</resource>
	<resource xml:id="R_preferences_Lctrl">"Left Ctrl key"</resource>
	<resource xml:id="R_preferences_Rctrl">"Right Ctrl key"</resource>
	<resource xml:id="R_preferences_Nctrl">"No Ctrl key"</resource>
	<resource xml:id="R_preferences_Lshift">"Left Shift key"</resource>
	<resource xml:id="R_preferences_Rshift">"Right Shift key"</resource>
	<resource xml:id="R_preferences_Nshift">"No Shift key"</resource>
	<resource xml:id="R_preferences_Lalt">"Left Alt key"</resource>
	<resource xml:id="R_preferences_Ralt">"Right Alt key"</resource>
	<resource xml:id="R_preferences_Nalt">"No Alt key"</resource>
	<resource xml:id="R_preferences_note">"Note:"</resource>
	<resource xml:id="R_preferences_note_text">"The Right-Alt plus Ctrl key combination is the equivalent to the AltGr key found on some keyboards."</resource>
	<resource xml:id="R_preferences_defplaymode">"Default playback mode:"</resource>
	<resource xml:id="R_preferences_defplaymodetext">"Double clicking a topic will launch it in the default playback mode."</resource>
	<resource xml:id="R_preferences_defaults">"Defaults..."</resource>
	<resource xml:id="R_preferences_defaults_title">"Reset all preferences to their default values"</resource>
	<resource xml:id="R_preferences_audiotooltip">"Specify the type of sound to be played"</resource>
	<resource xml:id="R_preferences_leadintooltip">"Specify where topic introduction should be displayed"</resource>
	<resource xml:id="R_preferences_skippingtooltip">"Check to enable skipping frames in Try It! mode"</resource>
	<resource xml:id="R_preferences_ctrltooltip">"'Ctrl' component of the advancing key combination"</resource>
	<resource xml:id="R_preferences_shifttooltip">"'Shift' component of the advancing key combination"</resource>
	<resource xml:id="R_preferences_alttooltip">"'Alt' component of the advancing key combination"</resource>
	<resource xml:id="R_preferences_flash">"Requires Adobe Flash Player 9.0.124 or higher."</resource>
	<resource xml:id="R_preferences_showdiagnostics">"Show Diagnostics"</resource>
	<resource xml:id="R_concepthead_text">"Concept"</resource>
	<resource xml:id="R_not_playable1">"The selected topic is not playable in default play mode: "</resource>
	<resource xml:id="R_not_playable2">"\r\n\r\nInstead, launch the topic using a mode button above."</resource>
	<resource xml:id="R_splashtext">"Topic is loading... Please wait."</resource>
	<resource xml:id="R_my_roles">"My Roles"</resource>
	<resource xml:id="R_roles_all_removed">"All roles have been removed from the content. Role based filtering will not be available."</resource>
	<resource xml:id="R_roles_removed">"Some of your selected roles have been removed from the content. Please review your role settings."</resource>
	<resource xml:id="R_roles_removed_all_selected">"All your selected roles have been removed from the content. Role based filtering will be turned off."</resource>
	<resource xml:id="R_roles_toggle_tooltip">"Enable/Disable Role-based filtering"</resource>
	<resource xml:id="R_roles_roles">"Roles"</resource>
	<resource xml:id="R_roles_introtext">"The My Roles filter will show topics for the following selected roles:"</resource>
	<resource xml:id="R_roles_OK">"OK"</resource>
	<resource xml:id="R_roles_cancel">"Cancel"</resource>
	<resource xml:id="R_roles_help">"Help"</resource>
	<resource xml:id="R_outline">"Outline: "</resource>
	<resource xml:id="R_module">"Module: "</resource>
	<resource xml:id="R_topic">"Topic: "</resource>
	<resource xml:id="R_KP_title">"Browser-based Player Gateway Page"</resource>
	<resource xml:id="R_KP_replay">"Replay"</resource>
	<resource xml:id="R_KP_play">"Play"</resource>
	<resource xml:id="R_KP_invalid_arguments">"Invalid Arguments.  The valid format for arguments is 'Mode={S|T|K|D|P|A}&amp;Guid={GUID}[&amp;Back|&amp;Close]'"</resource>
	<resource xml:id="R_popup_create_error">"Do It! mode must be run from a site in a security zone in which the 'Allow script-initiated windows without size or position constraints' setting is enabled. By default, this setting is enabled in the Intranet zone."</resource>
	<resource xml:id="R_search_invalid_char">"The search expression may not contain a single quote (') character"</resource>
	<resource xml:id="R_popup_create_firefox">"Do It! Mode playback is only supported by Internet Explorer."</resource>
	<resource xml:id="R_titleformat_begin">"&lt;div&gt;&lt;span class=\"LeadinHead\" NOWRAP=\"\"&gt;"</resource>
	<resource xml:id="R_titleformat_end">"&lt;/span&gt;&lt;/div&gt;&lt;BR&gt;"</resource>
	<resource xml:id="R_toc_content_empty">"The published content is empty"</resource>
	<resource xml:id="R_toc_tree_view_in_outline">"View filtered outline"</resource>
	<resource xml:id="R_toc_tree_view_resultlist">"View list"</resource>
	<resource xml:id="R_toc_about_player">"About Player"</resource>
	<resource xml:id="R_toc_applicable">"Applicable"</resource>
	<resource xml:id="R_toc_roles">"My Roles"</resource>
	<resource xml:id="R_toc_resultsfor">"Results for:"</resource>
	<resource xml:id="R_toc_emptycontent">"No results found"</resource>
	<resource xml:id="R_toc_seealso">"See Also"</resource>
	<resource xml:id="R_toctooltip_showmoretopics">"View outline"</resource>
	<resource xml:id="R_toctooltip_askexpert">"Ask an Expert"</resource>
	<resource xml:id="R_toctooltip_providefeedback">"Provide Feedback"</resource>
	<resource xml:id="R_toctooltip_userprofile">"Show User Profile"</resource>
	<resource xml:id="R_toctooltip_viewnote">"View Note"</resource>
	<resource xml:id="R_toctooltip_createnote">"Add Note"</resource>
	<resource xml:id="R_toctooltip_kpathportal">"Knowledge Center Home Page"</resource>
	<resource xml:id="R_toctooltip_kpathlogout">"Log Out"</resource>
	<resource xml:id="R_toctooltip_preferences">"Preferences"</resource>
	<resource xml:id="R_toctooltip_help">"Help"</resource>
	<resource xml:id="R_toctooltip_applicable">"Enable/disable Applicable-based filtering"</resource>
	<resource xml:id="R_toctooltip_roles">"Enable/disable Role-based filtering"</resource>
	<resource xml:id="R_toctooltip_search">"Begin search of specific word or words"</resource>
	<resource xml:id="R_toctooltip_clearresult">"Clear search results"</resource>
	<resource xml:id="R_about_player">" Player"</resource>
	<resource xml:id="R_about_player_version">"Player - Version "</resource>
	<resource xml:id="R_about_copyright">""</resource>
	<resource xml:id="R_about_copyrighttext">
		&lt;p&gt;
		Copyright © 1998, 2014, Oracle and/or its affiliates.  All rights reserved.
		&lt;/p&gt;
		&lt;p&gt;
		Oracle and Java are registered trademarks of Oracle and/or its affiliates. Other names may be trademarks of their respective owners.
		&lt;/p&gt;
		&lt;p&gt;
		This software and related documentation are provided under a license agreement containing restrictions on use and disclosure and are protected by intellectual property laws. Except as expressly permitted in your license agreement or allowed by law, you may not use, copy, reproduce, translate, broadcast, modify, license, transmit, distribute, exhibit, perform, publish or display any part, in any form, or by any means. Reverse engineering, disassembly, or decompilation of this software, unless required by law for interoperability, is prohibited.
		&lt;/p&gt;
		&lt;p&gt;
		The information contained herein is subject to change without notice and is not warranted to be error-free. If you find any errors, please report them to us in writing.
		&lt;/p&gt;
		&lt;p&gt;
		If this software or related documentation is delivered to the U.S. Government or anyone licensing it on behalf of the U.S. Government, the following notice is applicable:
		&lt;/p&gt;
		&lt;p&gt;
		U.S. GOVERNMENT END USERS:&lt;br/&gt;
		Oracle programs, including any operating system, integrated software, any programs installed on the hardware, and/or documentation, delivered to U.S. Government end users are “commercial computer software” pursuant to the applicable Federal Acquisition Regulation and agency-specific supplemental regulations. As such, use, duplication, disclosure, modification, and adaptation of the programs, including any operating system, integrated software, any programs installed on the hardware, and/or documentation, shall	be  subject to license terms and license restrictions applicable to the	programs. No other rights are granted to the U.S. Government.
		&lt;/p&gt;
		&lt;p&gt;
		This software or hardware is developed for general use in a variety of information management applications.  It is not developed or intended for use in any inherently dangerous applications, including applications that may create a risk of personal injury.  If you use this software or hardware in dangerous applications, then you shall be responsible to take all appropriate fail-safe, backup, redundancy, and other measures to ensure its safe use.  Oracle Corporation and its affiliates disclaim any liability for any damages caused by use of this software or hardware in dangerous applications.
		&lt;/p&gt;
		&lt;p&gt;
		This software or hardware and documentation may provide access to or information on content, products and services from third parties. Oracle Corporation and its affiliates are not responsible for and expressly disclaim all warranties of any kind with respect to third party content, products and services. Oracle Corporation and its affiliates will not be responsible for any loss, costs, or damages incurred due to your access to or use of third party content, products or services.
		&lt;/p&gt;
	</resource>
	<resource xml:id="R_about_build">"Build "</resource>
	<resource xml:id="R_about_OK">"OK"</resource>
	<resource xml:id="template_knowit_icon02">"icon02.gif"</resource>
	<resource xml:id="R_Toc_search">"search"</resource>
	<resource xml:id="R_show_step">"Show Step"</resource>
	<resource xml:id="R_flash">"Sound playback requires the use of Macromedia Flash Player 9.0.124 or higher.{0}You can install or update your version of the free Flash Player by {1}downloading here{2}.{3}Or{4}You can disable the use of sound by selecting the 'No Sound' option in the {5}preferences here{6}.{7}Please restart the topic after performing one of the above tasks."</resource>
	<resource xml:id="R_flash2">"Sound playback requires the use of Adobe Flash Player 9.0.124 or higher.{0}You can install or update your version of the free Flash Player by {1}downloading here{2}.{3}Or{4}You can play content without sound by clicking {5}here{6}.{7}Please restart the topic after performing one of the above tasks."</resource>
	<resource xml:id="R_flash3">"Sound playback requires the use of Adobe Flash Player 10.0 or higher.{0}You can download the free Flash player from Adobe. ({1}http://get.adobe.com/flashplayer{2}).{3}You may need to restart your content after installing the Flash Player.{4}Or{5}You can play your content with {6}no sound{7}."</resource>
	<resource xml:id="R_flash_message_title">Sound disabled</resource>
	<resource xml:id="R_flash_message_text">Sound playback has been disabled.</resource>
	<resource xml:id="R_fusion_play_pause">Pause or resume playback</resource>
	<resource xml:id="R_fusion_back">Previous step</resource>
	<resource xml:id="R_fusion_forward">Next step</resource>
	<resource xml:id="R_fusion_restart">Restart playback</resource>
	<resource xml:id="R_fusion_preferences">Show Preferences</resource>
	<resource xml:id="R_fusion_help">Show Help</resource>
	<resource xml:id="R_fusion_more">More...</resource>
	<resource xml:id="R_sound_play">Start playback</resource>
	<resource xml:id="R_sound_pause">Pause playback</resource>
	<resource xml:id="R_sound_stop">Stop playback</resource>
	<resource xml:id="R_sound_sound">Sound:</resource>
	<resource xml:id="R_toc_associated_content">Associated Content</resource>
	<resource xml:id="R_toc_see_also">See Also</resource>
	<resource xml:id="R_userprofile_title">"User Profile"</resource>
	<resource xml:id="R_status_tree_notstarted">Status: Not Attempted</resource>
	<resource xml:id="R_status_tree_inprogress">Status: In Progress</resource>
	<resource xml:id="R_status_tree_complete">Status: Complete</resource>
	<resource xml:id="R_status_tree_passed">Status: Passed</resource>
	<resource xml:id="R_status_tree_failed">Status: Failed</resource>
	<resource xml:id="R_unsupported_dpi_title">Unsupported DPI settings</resource>
	<resource xml:id="R_unsupported_dpi_1">This page was not displayed due to unsupported dpi settings.</resource>
	<resource xml:id="R_unsupported_dpi_2">Update your settings to 96 dpi or click {0}here{1} to display the unsupported version.</resource>
	<resource xml:id="R_navigation_prev">Previous</resource>
	<resource xml:id="R_navigation_next">Next</resource>
	<resource xml:id="R_frameid">Frame ID</resource>
	<resource xml:id="R_tcbutton_title">Typing Complete</resource>
	<resource xml:id="R_yesbutton_title">Yes</resource>
	<resource xml:id="R_nobutton_title">No</resource>
	<resource xml:id="R_swipe_start">Swipe left to &lt;a&gt;start&lt;a&gt;.</resource>
	<resource xml:id="R_swipe_continue">Swipe left to &lt;a&gt;continue&lt;a&gt;.</resource>
	<resource xml:id="R_swipe_finish">Swipe left to &lt;a&gt;finish&lt;a&gt;.</resource>
	<resource xml:id="R_swipe_instruction">Navigation Instructions:  You can swipe left to advance through the topic.</resource>
	<resource xml:id="R_swipe_instruction_doit">Navigation Instructions:  You can swipe left to begin, and use the navigation buttons to advance through the rest of the topic.</resource>
	<resource xml:id="R_swipe_drag">The following action is a Drag and Drop. When you swipe left, this step will be completed for you. When it is complete, you may continue with the next step.</resource>
	<resource xml:id="R_knowit_ignore_text1">The following action is a {0}.</resource>
	<resource xml:id="R_knowit_ignore_text2">When you tap OK, this step will be completed for you.</resource>
	<resource xml:id="R_knowit_ignore_text3">When it is complete, you may continue with the next step.</resource>
	<resource xml:id="R_knowit_ignore_text4">You will not be scored for this step.</resource>
	<resource xml:id="R_action_dragdrop">Drag and Drop</resource>
	<resource xml:id="R_action_keyboard">Keyboard event</resource>
	<resource xml:id="R_error_unexp">"Unable to continue because of the following error\r\r"</resource>
	<resource xml:id="R_error_svr">"Unable to post to server "</resource>
	<resource xml:id="R_scorm_noapi">"Unable to locate the LMS's API Implementation."</resource>
	<resource xml:id="R_scorm_getvalfail">"LMSGetValue failed. "</resource>
	<resource xml:id="R_scorm_setvalfail">"LMSSetValue failed. "</resource>
	<resource xml:id="R_scorm_apideep">"Error finding API -- too deeply nested."</resource>
	<resource xml:id="R_scorm_noapi2">"Unable to find an API adapter"</resource>
	<resource xml:id="R_start_seeit">"See It!"</resource>
	<resource xml:id="R_start_tryit">"Try It!"</resource>
	<resource xml:id="R_start_knowit">"Know It?"</resource>
	<resource xml:id="R_start_testit">"Test It!"</resource>
	<resource xml:id="R_start_doit">"Do It!"</resource>
	<resource xml:id="R_start_printit">"Print It!"</resource>
	<resource xml:id="R_start_start">"Start"</resource>
	<resource xml:id="R_start_continue">"Continue"</resource>
	<resource xml:id="R_start_takeagain">"Take Again"</resource>
	<resource xml:id="R_title_required">"(Required)"</resource>
	<resource xml:id="R_status_inst_topic">"To complete this topic, take the required mode.  Required modes are indicated with "(Required)" and an asterisk."</resource>
	<resource xml:id="R_status_inst_bigsco">"To complete this content, start it and take all the content in the outline that appears.  If a topic has a required mode, it is indicated with "(Required)" and an asterisk."</resource>
	<resource xml:id="R_status_inst_assessment">"To complete this assessment, start it and take all the questions in the assessment."</resource>
	<resource xml:id="R_status_inst_question">"To complete this question, provide an answer and choose OK."</resource>
	<resource xml:id="R_status_inst_offline">"The system may not be connected with the tracking environment.   Your progress may not be tracked.  To resolve this issue, try restarting the content.  If the issue continues, contact your system administrator."</resource>
	<resource xml:id="R_status_passed">"Passed"</resource>
	<resource xml:id="R_status_failed">"Failed"</resource>
	<resource xml:id="R_status_completed">"Completed"</resource>
	<resource xml:id="R_status_incomplete">"In Progress"</resource>
	<resource xml:id="R_status_notattempted">"Not Attempted"</resource>
	<resource xml:id="R_status_offline">"Tracking Error"</resource>
	<resource xml:id="R_status_error_prefix">"Received error code #"</resource>
	<resource xml:id="R_warning_other_player_instance">"There is another topic being played."</resource>
	<resource xml:id="R_undefined_lms_source">"Undefined Lms Source (lms_init.js)"</resource>
	<resource xml:id="R_initializelmscom_not_called">"InitializeLmsCom has not been called yet"</resource>
	<resource xml:id="R_lmscom_already_active">"Trying to open an active LmsCom session"</resource>
	<resource xml:id="R_lmscom_inactive">"Trying to close an inactive LmsCom session"</resource>
	<resource xml:id="R_assessment_changed_title">"Assessment has changed"</resource>
	<resource xml:id="R_assessment_changed_text">"The assessment has been modified since you last viewed it, and your previous results do not match the current assessment.  Please take the assessment again."</resource>
	<resource xml:id="R_bigsco_changed_title">"Content has changed"</resource>
	<resource xml:id="R_bigsco_changed_text">"The content has been modified since you last viewed it, and your previous results may not be complete.  Please review the content again to ensure you have viewed the most recent material."</resource>
	<resource xml:id="R_share_content_title_topic">"Copy and paste this URL to share this topic:"</resource>
	<resource xml:id="R_share_content_title_other">"Copy and paste this URL to share this content:"</resource>
	<resource xml:id="R_share_content_text_link">"Share"</resource>
	<resource xml:id="R_share_content_button">"Close"</resource>
	<resource xml:id="R_share_content_tooltip">"Share"</resource>
	<resource xml:id="R_share_content_viewoutline">"View outline"</resource>
	<resource xml:id="R_open_new_window_link">"Open concept in a new tab"</resource>
	<resource xml:id="R_testit_org_title_postfix">" [Test]"</resource>
	<resource xml:id="R_attempt_label">"This attempt:"</resource>
	<resource xml:id="R_playexe_comm_error">"There was an error communicating with play.exe. Relaunch play.exe to continue."</resource>
	<resource xml:id="R_iasinfo_h1">"IAS Information"</resource>
	<resource xml:id="R_iasinfo_p1">"Follow the steps below to configure UPK In-Application Support for your application."</resource>
	<resource xml:id="R_iasinfo_li1">"Deploy this player package to the appropriate web server."</resource>
	<resource xml:id="R_iasinfo_li2">"Find the application-specific information in the In-Application Support guide."</resource>
	<resource xml:id="R_iasinfo_li3">"Work with your application administrators to update the application help using the steps described on the application specific page in In-Application Support guide."</resource>
	<resource xml:id="R_iasinfo_p2">"The following applications can be configured to use this player for In-Application Support."</resource>
	<resource xml:id="R_iasinfo_p3">
		"See the &lt;span class='InAppLink'&gt;In-Application Support&lt;/span&gt; guide for more details."
	</resource>
	<resource xml:id="R_iasinfo_tdp1">"Application"</resource>
	<resource xml:id="R_iasinfo_tdp2">"In-Application Support Gateway Page"</resource>
	<resource xml:id="R_iasinfo_p4">"Don't forget to copy the cdd.html to this location"</resource>
	<resource xml:id="R_iasinfo_p5">"The URLs are examples."</resource>
  <resource xml:id="R_iasinfo_noappsforhint">"No applications can be configured to use this player for In-Application Support."</resource>
  <resource xml:id="R_iasinfo_serverconfigonly">"The gateway should be deployed to the application server."</resource>
	<resource xml:id="R_iasinfo_app_app">"Custom Application"</resource>
	<resource xml:id="R_iasinfo_app_stdhtml">"Browser Application"</resource>
</resources>