﻿<ContextMap xmlns:msxsl="urn:schemas-microsoft-com:xslt" xmlns:odext="urn:odext"><Document>
  <DocumentName>The HUB Training</DocumentName>
  <DocId>21f74c87-b8bc-477d-ac17-72e575784b98</DocId>
</Document><Document>
  <DocumentName>HUB</DocumentName>
  <DocId>1a4b801f-3c49-4eed-9af4-440784a74cf9</DocId>
  <Contexts>
    <Context Ucid="C9C2E4F38-DA078BAF-14B44545-D4CE1DA6">
      <Application>FUSION</Application>
      <Name>FUSION</Name>
      <Ecid>
        <EcidPart Name="C" Caption="Context ID" Value="ViewID=.login_page.jspx" UseNameAsPrefix="true" Searchable="true" Generic="false" />
      </Ecid>
    </Context>
    <Context Ucid="CBEE2DDDC-0C72C1F2-F2AA3AB6-185FD6AB">
      <Application>MOZILLA</Application>
      <Name>MOZILLA</Name>
    </Context>
    <Context Ucid="C37DCDD0C-BC2A82A8-72EDC157-515417AC">
      <Application>FUSION</Application>
      <Name>FUSION</Name>
      <Ecid>
        <EcidPart Name="C" Caption="Context ID" Value="ViewID=.employee_attendance.jspx" UseNameAsPrefix="true" Searchable="true" Generic="false" />
      </Ecid>
    </Context>
    <Context Ucid="C8263599D-F4F085E2-3FA83A58-C2F478CB">
      <Application>FUSION</Application>
      <Name>FUSION</Name>
      <Ecid>
        <EcidPart Name="C" Caption="Context ID" Value="ViewID=.SupervisorView.supervisor_responsibilities.jspx" UseNameAsPrefix="true" Searchable="true" Generic="false" />
      </Ecid>
    </Context>
    <Context Ucid="C8710F137-2FAC3CAE-D975E743-D74C4C71">
      <Application>FUSION</Application>
      <Name>FUSION</Name>
      <Ecid>
        <EcidPart Name="C" Caption="Context ID" Value="ViewID=.HR.HROperations.jspx" UseNameAsPrefix="true" Searchable="true" Generic="false" />
      </Ecid>
    </Context>
  </Contexts>
</Document></ContextMap>