<?xml version="1.0" encoding="utf-8"?>
<manifest identifier="TST_21f74c87-b8bc-477d-ac17-72e575784b98" version="1" xmlns:adlcp="http://www.adlnet.org/xsd/adlcp_v1p3" xmlns:xsi="http://www.w3.org/2001/XMLSchema-instance" xsi:schemaLocation="http://www.imsglobal.org/xsd/imscp_v1p1 imscp_v1p1.xsd http://www.adlnet.org/xsd/adlcp_v1p3 adlcp_v1p3.xsd http://www.adlnet.org/xsd/adlseq_v1p3 adlseq_v1p3.xsd http://www.adlnet.org/xsd/adlnav_v1p3 adlnav_v1p3.xsd http://www.imsglobal.org/xsd/imsss imsss_v1p0.xsd" xmlns:imsss="http://www.imsglobal.org/xsd/imsss" xmlns:adlseq="http://www.adlnet.org/xsd/adlseq_v1p3" xmlns:adlnav="http://www.adlnet.org/xsd/adlnav_v1p3" xmlns="http://www.imsglobal.org/xsd/imscp_v1p1">
  <!--xmlns:msxml = "urn:schemas-microsoft-com:xslt"-->
  <!--xmlns:imscp = "http://www.imsglobal.org/xsd/imscp_v1p1"-->
  <!--xmlns:imsmd = "http://www.imsglobal.org/xsd/imsmd_rootv1p2p1"-->
  <metadata>
    <schema>ADL SCORM</schema>
    <schemaversion>2004 3rd Edition</schemaversion>
  </metadata>
  <organizations default="O_21f74c87-b8bc-477d-ac17-72e575784b98_1">
    <!--Outline organization-->
    <organization identifier="O_21f74c87-b8bc-477d-ac17-72e575784b98_1" structure="hierarchical">
      <title>The HUB Training [Test]</title>
      <item identifier="T_1a4b801f-3c49-4eed-9af4-440784a74cf9_2" identifierref="RES_1a4b801f-3c49-4eed-9af4-440784a74cf9" isvisible="true">
        <title>HUB</title>
        <imsss:sequencing>
          <imsss:objectives>
            <imsss:primaryObjective />
          </imsss:objectives>
        </imsss:sequencing>
      </item>
    </organization>
  </organizations>
  <resources>
    <resource identifier="RES_1a4b801f-3c49-4eed-9af4-440784a74cf9" type="webcontent" adlcp:scormType="sco" href="data/tpc/1a4b801f-3c49-4eed-9af4-440784a74cf9/lmstart.html">
      <file href="data/tpc/1a4b801f-3c49-4eed-9af4-440784a74cf9/10.png" />
      <file href="data/tpc/1a4b801f-3c49-4eed-9af4-440784a74cf9/100.png" />
      <file href="data/tpc/1a4b801f-3c49-4eed-9af4-440784a74cf9/102.png" />
      <file href="data/tpc/1a4b801f-3c49-4eed-9af4-440784a74cf9/104.png" />
      <file href="data/tpc/1a4b801f-3c49-4eed-9af4-440784a74cf9/114.png" />
      <file href="data/tpc/1a4b801f-3c49-4eed-9af4-440784a74cf9/116.png" />
      <file href="data/tpc/1a4b801f-3c49-4eed-9af4-440784a74cf9/118.png" />
      <file href="data/tpc/1a4b801f-3c49-4eed-9af4-440784a74cf9/12.png" />
      <file href="data/tpc/1a4b801f-3c49-4eed-9af4-440784a74cf9/120.png" />
      <file href="data/tpc/1a4b801f-3c49-4eed-9af4-440784a74cf9/122.png" />
      <file href="data/tpc/1a4b801f-3c49-4eed-9af4-440784a74cf9/124.png" />
      <file href="data/tpc/1a4b801f-3c49-4eed-9af4-440784a74cf9/126.png" />
      <file href="data/tpc/1a4b801f-3c49-4eed-9af4-440784a74cf9/128.png" />
      <file href="data/tpc/1a4b801f-3c49-4eed-9af4-440784a74cf9/130.png" />
      <file href="data/tpc/1a4b801f-3c49-4eed-9af4-440784a74cf9/132.png" />
      <file href="data/tpc/1a4b801f-3c49-4eed-9af4-440784a74cf9/134.png" />
      <file href="data/tpc/1a4b801f-3c49-4eed-9af4-440784a74cf9/136.png" />
      <file href="data/tpc/1a4b801f-3c49-4eed-9af4-440784a74cf9/138.png" />
      <file href="data/tpc/1a4b801f-3c49-4eed-9af4-440784a74cf9/14.png" />
      <file href="data/tpc/1a4b801f-3c49-4eed-9af4-440784a74cf9/140.png" />
      <file href="data/tpc/1a4b801f-3c49-4eed-9af4-440784a74cf9/142.png" />
      <file href="data/tpc/1a4b801f-3c49-4eed-9af4-440784a74cf9/146.png" />
      <file href="data/tpc/1a4b801f-3c49-4eed-9af4-440784a74cf9/148.png" />
      <file href="data/tpc/1a4b801f-3c49-4eed-9af4-440784a74cf9/150.png" />
      <file href="data/tpc/1a4b801f-3c49-4eed-9af4-440784a74cf9/152.png" />
      <file href="data/tpc/1a4b801f-3c49-4eed-9af4-440784a74cf9/154.png" />
      <file href="data/tpc/1a4b801f-3c49-4eed-9af4-440784a74cf9/156.png" />
      <file href="data/tpc/1a4b801f-3c49-4eed-9af4-440784a74cf9/158.png" />
      <file href="data/tpc/1a4b801f-3c49-4eed-9af4-440784a74cf9/16.png" />
      <file href="data/tpc/1a4b801f-3c49-4eed-9af4-440784a74cf9/160.png" />
      <file href="data/tpc/1a4b801f-3c49-4eed-9af4-440784a74cf9/162.png" />
      <file href="data/tpc/1a4b801f-3c49-4eed-9af4-440784a74cf9/164.png" />
      <file href="data/tpc/1a4b801f-3c49-4eed-9af4-440784a74cf9/166.png" />
      <file href="data/tpc/1a4b801f-3c49-4eed-9af4-440784a74cf9/168.png" />
      <file href="data/tpc/1a4b801f-3c49-4eed-9af4-440784a74cf9/170.png" />
      <file href="data/tpc/1a4b801f-3c49-4eed-9af4-440784a74cf9/178.png" />
      <file href="data/tpc/1a4b801f-3c49-4eed-9af4-440784a74cf9/20.png" />
      <file href="data/tpc/1a4b801f-3c49-4eed-9af4-440784a74cf9/22.png" />
      <file href="data/tpc/1a4b801f-3c49-4eed-9af4-440784a74cf9/24.png" />
      <file href="data/tpc/1a4b801f-3c49-4eed-9af4-440784a74cf9/26.png" />
      <file href="data/tpc/1a4b801f-3c49-4eed-9af4-440784a74cf9/28.png" />
      <file href="data/tpc/1a4b801f-3c49-4eed-9af4-440784a74cf9/285.png" />
      <file href="data/tpc/1a4b801f-3c49-4eed-9af4-440784a74cf9/287.png" />
      <file href="data/tpc/1a4b801f-3c49-4eed-9af4-440784a74cf9/294.png" />
      <file href="data/tpc/1a4b801f-3c49-4eed-9af4-440784a74cf9/296.png" />
      <file href="data/tpc/1a4b801f-3c49-4eed-9af4-440784a74cf9/298.png" />
      <file href="data/tpc/1a4b801f-3c49-4eed-9af4-440784a74cf9/3.png" />
      <file href="data/tpc/1a4b801f-3c49-4eed-9af4-440784a74cf9/30.png" />
      <file href="data/tpc/1a4b801f-3c49-4eed-9af4-440784a74cf9/303.png" />
      <file href="data/tpc/1a4b801f-3c49-4eed-9af4-440784a74cf9/339.png" />
      <file href="data/tpc/1a4b801f-3c49-4eed-9af4-440784a74cf9/341.png" />
      <file href="data/tpc/1a4b801f-3c49-4eed-9af4-440784a74cf9/343.png" />
      <file href="data/tpc/1a4b801f-3c49-4eed-9af4-440784a74cf9/345.png" />
      <file href="data/tpc/1a4b801f-3c49-4eed-9af4-440784a74cf9/36.png" />
      <file href="data/tpc/1a4b801f-3c49-4eed-9af4-440784a74cf9/38.png" />
      <file href="data/tpc/1a4b801f-3c49-4eed-9af4-440784a74cf9/3g.png" />
      <file href="data/tpc/1a4b801f-3c49-4eed-9af4-440784a74cf9/4.png" />
      <file href="data/tpc/1a4b801f-3c49-4eed-9af4-440784a74cf9/40.png" />
      <file href="data/tpc/1a4b801f-3c49-4eed-9af4-440784a74cf9/42.png" />
      <file href="data/tpc/1a4b801f-3c49-4eed-9af4-440784a74cf9/44.png" />
      <file href="data/tpc/1a4b801f-3c49-4eed-9af4-440784a74cf9/46.png" />
      <file href="data/tpc/1a4b801f-3c49-4eed-9af4-440784a74cf9/48.png" />
      <file href="data/tpc/1a4b801f-3c49-4eed-9af4-440784a74cf9/4g.png" />
      <file href="data/tpc/1a4b801f-3c49-4eed-9af4-440784a74cf9/50.png" />
      <file href="data/tpc/1a4b801f-3c49-4eed-9af4-440784a74cf9/56.png" />
      <file href="data/tpc/1a4b801f-3c49-4eed-9af4-440784a74cf9/58.png" />
      <file href="data/tpc/1a4b801f-3c49-4eed-9af4-440784a74cf9/6.png" />
      <file href="data/tpc/1a4b801f-3c49-4eed-9af4-440784a74cf9/60.png" />
      <file href="data/tpc/1a4b801f-3c49-4eed-9af4-440784a74cf9/62.png" />
      <file href="data/tpc/1a4b801f-3c49-4eed-9af4-440784a74cf9/64.png" />
      <file href="data/tpc/1a4b801f-3c49-4eed-9af4-440784a74cf9/68.png" />
      <file href="data/tpc/1a4b801f-3c49-4eed-9af4-440784a74cf9/70.png" />
      <file href="data/tpc/1a4b801f-3c49-4eed-9af4-440784a74cf9/72.png" />
      <file href="data/tpc/1a4b801f-3c49-4eed-9af4-440784a74cf9/74.png" />
      <file href="data/tpc/1a4b801f-3c49-4eed-9af4-440784a74cf9/76.png" />
      <file href="data/tpc/1a4b801f-3c49-4eed-9af4-440784a74cf9/78.png" />
      <file href="data/tpc/1a4b801f-3c49-4eed-9af4-440784a74cf9/80.png" />
      <file href="data/tpc/1a4b801f-3c49-4eed-9af4-440784a74cf9/82.png" />
      <file href="data/tpc/1a4b801f-3c49-4eed-9af4-440784a74cf9/84.png" />
      <file href="data/tpc/1a4b801f-3c49-4eed-9af4-440784a74cf9/86.png" />
      <file href="data/tpc/1a4b801f-3c49-4eed-9af4-440784a74cf9/88.png" />
      <file href="data/tpc/1a4b801f-3c49-4eed-9af4-440784a74cf9/90.png" />
      <file href="data/tpc/1a4b801f-3c49-4eed-9af4-440784a74cf9/92.png" />
      <file href="data/tpc/1a4b801f-3c49-4eed-9af4-440784a74cf9/94.png" />
      <file href="data/tpc/1a4b801f-3c49-4eed-9af4-440784a74cf9/96.png" />
      <file href="data/tpc/1a4b801f-3c49-4eed-9af4-440784a74cf9/98.png" />
      <file href="data/tpc/1a4b801f-3c49-4eed-9af4-440784a74cf9/descriptor.xml" />
      <file href="data/tpc/1a4b801f-3c49-4eed-9af4-440784a74cf9/leadin.html" />
      <file href="data/tpc/1a4b801f-3c49-4eed-9af4-440784a74cf9/lmstart.html" />
      <file href="data/tpc/1a4b801f-3c49-4eed-9af4-440784a74cf9/searchterms.html" />
      <file href="data/tpc/1a4b801f-3c49-4eed-9af4-440784a74cf9/topic.html" />
      <file href="data/tpc/1a4b801f-3c49-4eed-9af4-440784a74cf9/topicg.html" />
      <file href="data/tpc/1a4b801f-3c49-4eed-9af4-440784a74cf9/topicgc.html" />
      <file href="data/tpc/1a4b801f-3c49-4eed-9af4-440784a74cf9/topicgcx.html" />
      <dependency identifierref="RES_7da4d947-a7cf-438f-b522-f940453eaa5b" />
      <dependency identifierref="RES_COMMON" />
    </resource>
    <resource identifier="RES_7da4d947-a7cf-438f-b522-f940453eaa5b" type="webcontent" adlcp:scormType="asset">
      <file href="data/template/7da4d947-a7cf-438f-b522-f940453eaa5b/template.xml" />
    </resource>
    <resource identifier="RES_COMMON" type="webcontent" adlcp:scormType="asset">
      <file href="blank.html" />
      <file href="cdd.html" />
      <file href="config.js" />
      <file href="contextmap.xml" />
      <file href="default.htm" />
      <file href="dhtml_kp.html" />
      <file href="iasinfo.html" />
      <file href="iasinfo.json.js" />
      <file href="index.html" />
      <file href="ipad.html" />
      <file href="kp.html" />
      <file href="kp.xml" />
      <file href="kpsettings.js" />
      <file href="ondemand.ico" />
      <file href="path.js" />
      <file href="play.exe" />
      <file href="publishdata.json.js" />
      <file href="version.xml" />
      <file href="aicc/crossdomain.xml" />
      <file href="aicc/gethttppostdata.jar" />
      <file href="audio/ding.flv" />
      <file href="audio/ding.m4a" />
      <file href="audio/empty.m4a" />
      <file href="audio/fplayer.swf" />
      <file href="audio/sclick.flv" />
      <file href="audio/sclick.m4a" />
      <file href="audio/strinput.flv" />
      <file href="audio/strinput.m4a" />
      <file href="audio/stype.flv" />
      <file href="audio/stype.m4a" />
      <file href="audio/swheel.flv" />
      <file href="audio/swheel.m4a" />
      <file href="css/certificate.css" />
      <file href="css/content-en.css" />
      <file href="css/custom.css" />
      <file href="css/dialog.css" />
      <file href="css/ipad.css" />
      <file href="css/jquery-ui.min.css" />
      <file href="css/leadin.css" />
      <file href="css/navbar.css" />
      <file href="css/navbarimages.css" />
      <file href="css/player.css" />
      <file href="css/playerimages.css" />
      <file href="css/skin.css" />
      <file href="css/slidingdoors.css" />
      <file href="css/toc.css" />
      <file href="css/websound.css" />
      <file href="css/_lms.css" />
      <file href="css/_websound.css" />
      <file href="css/ji/ui-bg_flat_0_aaaaaa_40x100.png" />
      <file href="css/ji/ui-bg_flat_75_ffffff_40x100.png" />
      <file href="css/ji/ui-bg_glass_55_fbf9ee_1x400.png" />
      <file href="css/ji/ui-bg_glass_65_ffffff_1x400.png" />
      <file href="css/ji/ui-bg_glass_75_dadada_1x400.png" />
      <file href="css/ji/ui-bg_glass_75_e6e6e6_1x400.png" />
      <file href="css/ji/ui-bg_glass_95_fef1ec_1x400.png" />
      <file href="css/ji/ui-bg_highlight-soft_75_cccccc_1x100.png" />
      <file href="css/ji/ui-icons_222222_256x240.png" />
      <file href="css/ji/ui-icons_2e83ff_256x240.png" />
      <file href="css/ji/ui-icons_454545_256x240.png" />
      <file href="css/ji/ui-icons_888888_256x240.png" />
      <file href="css/ji/ui-icons_cd0a0a_256x240.png" />
      <file href="data/outline.js" />
      <file href="data/roles.xml" />
      <file href="data/toc.html" />
      <file href="data/topicmap.js" />
      <file href="data/uiconfig.js" />
      <file href="data/printit/1a4b801f-3c49-4eed-9af4-440784a74cf9_JOBAID.html" />
      <file href="data/printit/1a4b801f-3c49-4eed-9af4-440784a74cf9_JOBAID_files/image001.png" />
      <file href="data/printit/1a4b801f-3c49-4eed-9af4-440784a74cf9_JOBAID_files/image002.png" />
      <file href="data/printit/1a4b801f-3c49-4eed-9af4-440784a74cf9_JOBAID_files/image003.png" />
      <file href="data/printit/1a4b801f-3c49-4eed-9af4-440784a74cf9_JOBAID_files/image004.png" />
      <file href="data/printit/1a4b801f-3c49-4eed-9af4-440784a74cf9_JOBAID_files/image005.png" />
      <file href="data/printit/1a4b801f-3c49-4eed-9af4-440784a74cf9_JOBAID_files/image006.png" />
      <file href="data/printit/1a4b801f-3c49-4eed-9af4-440784a74cf9_JOBAID_files/image007.png" />
      <file href="data/printit/1a4b801f-3c49-4eed-9af4-440784a74cf9_JOBAID_files/image008.png" />
      <file href="data/printit/1a4b801f-3c49-4eed-9af4-440784a74cf9_JOBAID_files/image009.png" />
      <file href="data/printit/1a4b801f-3c49-4eed-9af4-440784a74cf9_JOBAID_files/image010.png" />
      <file href="data/printit/1a4b801f-3c49-4eed-9af4-440784a74cf9_JOBAID_files/image011.png" />
      <file href="data/printit/1a4b801f-3c49-4eed-9af4-440784a74cf9_JOBAID_files/image012.png" />
      <file href="data/printit/1a4b801f-3c49-4eed-9af4-440784a74cf9_JOBAID_files/image013.png" />
      <file href="data/printit/1a4b801f-3c49-4eed-9af4-440784a74cf9_JOBAID_files/image014.png" />
      <file href="data/printit/1a4b801f-3c49-4eed-9af4-440784a74cf9_JOBAID_files/image015.png" />
      <file href="data/printit/1a4b801f-3c49-4eed-9af4-440784a74cf9_JOBAID_files/image016.png" />
      <file href="data/printit/1a4b801f-3c49-4eed-9af4-440784a74cf9_JOBAID_files/image017.png" />
      <file href="data/printit/1a4b801f-3c49-4eed-9af4-440784a74cf9_JOBAID_files/image018.png" />
      <file href="data/printit/1a4b801f-3c49-4eed-9af4-440784a74cf9_JOBAID_files/image019.png" />
      <file href="data/printit/1a4b801f-3c49-4eed-9af4-440784a74cf9_JOBAID_files/image020.png" />
      <file href="data/printit/1a4b801f-3c49-4eed-9af4-440784a74cf9_JOBAID_files/image021.png" />
      <file href="data/printit/1a4b801f-3c49-4eed-9af4-440784a74cf9_JOBAID_files/image022.png" />
      <file href="data/printit/1a4b801f-3c49-4eed-9af4-440784a74cf9_JOBAID_files/image023.png" />
      <file href="data/printit/1a4b801f-3c49-4eed-9af4-440784a74cf9_JOBAID_files/image024.png" />
      <file href="data/printit/1a4b801f-3c49-4eed-9af4-440784a74cf9_JOBAID_files/image025.png" />
      <file href="data/printit/1a4b801f-3c49-4eed-9af4-440784a74cf9_JOBAID_files/image026.png" />
      <file href="data/printit/1a4b801f-3c49-4eed-9af4-440784a74cf9_JOBAID_files/image027.png" />
      <file href="data/printit/1a4b801f-3c49-4eed-9af4-440784a74cf9_JOBAID_files/image028.png" />
      <file href="data/printit/1a4b801f-3c49-4eed-9af4-440784a74cf9_JOBAID_files/image029.png" />
      <file href="data/printit/1a4b801f-3c49-4eed-9af4-440784a74cf9_JOBAID_files/image030.png" />
      <file href="data/printit/1a4b801f-3c49-4eed-9af4-440784a74cf9_JOBAID_files/image031.png" />
      <file href="data/printit/1a4b801f-3c49-4eed-9af4-440784a74cf9_JOBAID_files/image032.png" />
      <file href="data/printit/1a4b801f-3c49-4eed-9af4-440784a74cf9_JOBAID_files/image033.png" />
      <file href="data/printit/1a4b801f-3c49-4eed-9af4-440784a74cf9_JOBAID_files/image034.png" />
      <file href="data/printit/1a4b801f-3c49-4eed-9af4-440784a74cf9_JOBAID_files/image035.png" />
      <file href="data/printit/1a4b801f-3c49-4eed-9af4-440784a74cf9_JOBAID_files/image036.png" />
      <file href="data/printit/1a4b801f-3c49-4eed-9af4-440784a74cf9_JOBAID_files/image037.png" />
      <file href="data/printit/1a4b801f-3c49-4eed-9af4-440784a74cf9_JOBAID_files/image038.png" />
      <file href="data/printit/1a4b801f-3c49-4eed-9af4-440784a74cf9_JOBAID_files/image039.png" />
      <file href="data/querydb/ctxex/1.xml" />
      <file href="data/querydb/genctx/1.xml" />
      <file href="data/querydb/role/1.xml" />
      <file href="data/querydb/text/1.xml" />
      <file href="data/testitsummary/1a4b801f-3c49-4eed-9af4-440784a74cf9_TEST.html" />
      <file href="data/testitsummary/1a4b801f-3c49-4eed-9af4-440784a74cf9_TEST_files/image001.jpg" />
      <file href="data/testitsummary/1a4b801f-3c49-4eed-9af4-440784a74cf9_TEST_files/image002.png" />
      <file href="data/testitsummary/1a4b801f-3c49-4eed-9af4-440784a74cf9_TEST_files/image003.png" />
      <file href="data/testitsummary/1a4b801f-3c49-4eed-9af4-440784a74cf9_TEST_files/image004.png" />
      <file href="data/testitsummary/1a4b801f-3c49-4eed-9af4-440784a74cf9_TEST_files/image005.png" />
      <file href="data/testitsummary/1a4b801f-3c49-4eed-9af4-440784a74cf9_TEST_files/image006.jpg" />
      <file href="data/testitsummary/1a4b801f-3c49-4eed-9af4-440784a74cf9_TEST_files/image007.png" />
      <file href="data/testitsummary/1a4b801f-3c49-4eed-9af4-440784a74cf9_TEST_files/image008.png" />
      <file href="data/testitsummary/1a4b801f-3c49-4eed-9af4-440784a74cf9_TEST_files/image009.png" />
      <file href="data/testitsummary/1a4b801f-3c49-4eed-9af4-440784a74cf9_TEST_files/image010.png" />
      <file href="data/testitsummary/1a4b801f-3c49-4eed-9af4-440784a74cf9_TEST_files/image011.png" />
      <file href="data/testitsummary/1a4b801f-3c49-4eed-9af4-440784a74cf9_TEST_files/image012.png" />
      <file href="data/testitsummary/1a4b801f-3c49-4eed-9af4-440784a74cf9_TEST_files/image013.png" />
      <file href="data/testitsummary/1a4b801f-3c49-4eed-9af4-440784a74cf9_TEST_files/image014.png" />
      <file href="data/testitsummary/1a4b801f-3c49-4eed-9af4-440784a74cf9_TEST_files/image015.png" />
      <file href="data/testitsummary/1a4b801f-3c49-4eed-9af4-440784a74cf9_TEST_files/image016.png" />
      <file href="data/testitsummary/1a4b801f-3c49-4eed-9af4-440784a74cf9_TEST_files/image017.png" />
      <file href="data/testitsummary/1a4b801f-3c49-4eed-9af4-440784a74cf9_TEST_files/image018.png" />
      <file href="data/testitsummary/1a4b801f-3c49-4eed-9af4-440784a74cf9_TEST_files/image019.png" />
      <file href="data/testitsummary/1a4b801f-3c49-4eed-9af4-440784a74cf9_TEST_files/image020.png" />
      <file href="data/testitsummary/1a4b801f-3c49-4eed-9af4-440784a74cf9_TEST_files/image021.png" />
      <file href="data/testitsummary/1a4b801f-3c49-4eed-9af4-440784a74cf9_TEST_files/image022.png" />
      <file href="data/testitsummary/1a4b801f-3c49-4eed-9af4-440784a74cf9_TEST_files/image023.png" />
      <file href="data/testitsummary/1a4b801f-3c49-4eed-9af4-440784a74cf9_TEST_files/image024.png" />
      <file href="data/testitsummary/1a4b801f-3c49-4eed-9af4-440784a74cf9_TEST_files/image025.png" />
      <file href="data/testitsummary/1a4b801f-3c49-4eed-9af4-440784a74cf9_TEST_files/image026.png" />
      <file href="data/testitsummary/1a4b801f-3c49-4eed-9af4-440784a74cf9_TEST_files/image027.png" />
      <file href="data/testitsummary/1a4b801f-3c49-4eed-9af4-440784a74cf9_TEST_files/image028.png" />
      <file href="data/testitsummary/1a4b801f-3c49-4eed-9af4-440784a74cf9_TEST_files/image029.png" />
      <file href="data/testitsummary/1a4b801f-3c49-4eed-9af4-440784a74cf9_TEST_files/image030.jpg" />
      <file href="data/testitsummary/1a4b801f-3c49-4eed-9af4-440784a74cf9_TEST_files/image030.png" />
      <file href="data/testitsummary/1a4b801f-3c49-4eed-9af4-440784a74cf9_TEST_files/image031.jpg" />
      <file href="data/testitsummary/1a4b801f-3c49-4eed-9af4-440784a74cf9_TEST_files/image031.png" />
      <file href="data/testitsummary/1a4b801f-3c49-4eed-9af4-440784a74cf9_TEST_files/image032.jpg" />
      <file href="data/testitsummary/1a4b801f-3c49-4eed-9af4-440784a74cf9_TEST_files/image032.png" />
      <file href="data/testitsummary/1a4b801f-3c49-4eed-9af4-440784a74cf9_TEST_files/image033.jpg" />
      <file href="data/testitsummary/1a4b801f-3c49-4eed-9af4-440784a74cf9_TEST_files/image033.png" />
      <file href="data/testitsummary/1a4b801f-3c49-4eed-9af4-440784a74cf9_TEST_files/image034.jpg" />
      <file href="data/testitsummary/1a4b801f-3c49-4eed-9af4-440784a74cf9_TEST_files/image034.png" />
      <file href="data/testitsummary/1a4b801f-3c49-4eed-9af4-440784a74cf9_TEST_files/image035.jpg" />
      <file href="data/testitsummary/1a4b801f-3c49-4eed-9af4-440784a74cf9_TEST_files/image035.png" />
      <file href="data/testitsummary/1a4b801f-3c49-4eed-9af4-440784a74cf9_TEST_files/image036.jpg" />
      <file href="data/testitsummary/1a4b801f-3c49-4eed-9af4-440784a74cf9_TEST_files/image036.png" />
      <file href="data/testitsummary/1a4b801f-3c49-4eed-9af4-440784a74cf9_TEST_files/image037.jpg" />
      <file href="data/testitsummary/1a4b801f-3c49-4eed-9af4-440784a74cf9_TEST_files/image037.png" />
      <file href="data/testitsummary/1a4b801f-3c49-4eed-9af4-440784a74cf9_TEST_files/image038.png" />
      <file href="data/testitsummary/1a4b801f-3c49-4eed-9af4-440784a74cf9_TEST_files/image039.jpg" />
      <file href="data/testitsummary/1a4b801f-3c49-4eed-9af4-440784a74cf9_TEST_files/image039.png" />
      <file href="data/testitsummary/1a4b801f-3c49-4eed-9af4-440784a74cf9_TEST_files/image040.jpg" />
      <file href="data/testitsummary/1a4b801f-3c49-4eed-9af4-440784a74cf9_TEST_files/image040.png" />
      <file href="data/testitsummary/1a4b801f-3c49-4eed-9af4-440784a74cf9_TEST_files/image041.jpg" />
      <file href="data/testitsummary/1a4b801f-3c49-4eed-9af4-440784a74cf9_TEST_files/image041.png" />
      <file href="data/testitsummary/1a4b801f-3c49-4eed-9af4-440784a74cf9_TEST_files/image042.jpg" />
      <file href="data/testitsummary/1a4b801f-3c49-4eed-9af4-440784a74cf9_TEST_files/image042.png" />
      <file href="data/testitsummary/1a4b801f-3c49-4eed-9af4-440784a74cf9_TEST_files/image043.jpg" />
      <file href="data/testitsummary/1a4b801f-3c49-4eed-9af4-440784a74cf9_TEST_files/image043.png" />
      <file href="data/testitsummary/1a4b801f-3c49-4eed-9af4-440784a74cf9_TEST_files/image044.jpg" />
      <file href="data/testitsummary/1a4b801f-3c49-4eed-9af4-440784a74cf9_TEST_files/image044.png" />
      <file href="data/testitsummary/1a4b801f-3c49-4eed-9af4-440784a74cf9_TEST_files/image045.jpg" />
      <file href="data/testitsummary/1a4b801f-3c49-4eed-9af4-440784a74cf9_TEST_files/image045.png" />
      <file href="data/testitsummary/1a4b801f-3c49-4eed-9af4-440784a74cf9_TEST_files/image046.png" />
      <file href="data/testitsummary/1a4b801f-3c49-4eed-9af4-440784a74cf9_TEST_files/image047.jpg" />
      <file href="data/testitsummary/1a4b801f-3c49-4eed-9af4-440784a74cf9_TEST_files/image048.png" />
      <file href="data/testitsummary/1a4b801f-3c49-4eed-9af4-440784a74cf9_TEST_files/image049.jpg" />
      <file href="data/testitsummary/1a4b801f-3c49-4eed-9af4-440784a74cf9_TEST_files/image050.png" />
      <file href="data/toc/1.json.js" />
      <file href="data/toc/titles.js" />
      <file href="data/toc/treeindex.js" />
      <file href="help/outline.js" />
      <file href="help/roles.xml" />
      <file href="help/toc.html" />
      <file href="help/topicmap.js" />
      <file href="help/uiconfig.js" />
      <file href="help/querydb/ctxex/1.xml" />
      <file href="help/querydb/genctx/1.xml" />
      <file href="help/querydb/role/1.xml" />
      <file href="help/querydb/text/1.xml" />
      <file href="help/querydb/text/2.xml" />
      <file href="help/querydb/text/3.xml" />
      <file href="help/querydb/text/4.xml" />
      <file href="help/querydb/text/5.xml" />
      <file href="help/querydb/text/6.xml" />
      <file href="help/toc/1.json.js" />
      <file href="help/toc/2.json.js" />
      <file href="help/toc/titles.js" />
      <file href="help/toc/treeindex.js" />
      <file href="help/tpc/041fab06-f65b-48f8-90bb-471427a7c83d/descriptor.xml" />
      <file href="help/tpc/041fab06-f65b-48f8-90bb-471427a7c83d/lmstart.html" />
      <file href="help/tpc/041fab06-f65b-48f8-90bb-471427a7c83d/searchterms.html" />
      <file href="help/tpc/05d89e6f-a40d-4325-8cd9-f09f6150b8b4/Parts/index.html" />
      <file href="help/tpc/08a3ae07-0e6f-484b-b4fb-a2b8d73478e5/Parts/index.html" />
      <file href="help/tpc/08eb1584-a69a-4043-9c90-d0758aa778a8/Parts/index.html" />
      <file href="help/tpc/0a6f7a6a-0f62-4664-8834-699c83b8fb87/descriptor.xml" />
      <file href="help/tpc/0a6f7a6a-0f62-4664-8834-699c83b8fb87/lmstart.html" />
      <file href="help/tpc/0a6f7a6a-0f62-4664-8834-699c83b8fb87/searchterms.html" />
      <file href="help/tpc/0d82c90f-a3e3-49f3-a75a-610e890d61a2/descriptor.xml" />
      <file href="help/tpc/0d82c90f-a3e3-49f3-a75a-610e890d61a2/lmstart.html" />
      <file href="help/tpc/0d82c90f-a3e3-49f3-a75a-610e890d61a2/searchterms.html" />
      <file href="help/tpc/10e61a3e-4261-477e-888f-9a904b1e2c9b/descriptor.xml" />
      <file href="help/tpc/10e61a3e-4261-477e-888f-9a904b1e2c9b/lmstart.html" />
      <file href="help/tpc/10e61a3e-4261-477e-888f-9a904b1e2c9b/searchterms.html" />
      <file href="help/tpc/1421018b-34e4-47cd-92db-57fd0db59e31/Parts/index.html" />
      <file href="help/tpc/1bfea8f8-d8d4-49e6-9c9c-724a14012538/Parts/index.html" />
      <file href="help/tpc/216cc25e-50ec-4d05-b5c4-49699946e30e/descriptor.xml" />
      <file href="help/tpc/216cc25e-50ec-4d05-b5c4-49699946e30e/lmstart.html" />
      <file href="help/tpc/216cc25e-50ec-4d05-b5c4-49699946e30e/searchterms.html" />
      <file href="help/tpc/226c2ab9-4707-4d38-b295-da8522df8d75/descriptor.xml" />
      <file href="help/tpc/226c2ab9-4707-4d38-b295-da8522df8d75/lmstart.html" />
      <file href="help/tpc/226c2ab9-4707-4d38-b295-da8522df8d75/searchterms.html" />
      <file href="help/tpc/2b9db0cd-f3d9-41a7-b76e-81f18d5e00cf/descriptor.xml" />
      <file href="help/tpc/2b9db0cd-f3d9-41a7-b76e-81f18d5e00cf/lmstart.html" />
      <file href="help/tpc/2b9db0cd-f3d9-41a7-b76e-81f18d5e00cf/searchterms.html" />
      <file href="help/tpc/2f784bd4-bc70-4e8f-bc3e-201937bbdada/descriptor.xml" />
      <file href="help/tpc/2f784bd4-bc70-4e8f-bc3e-201937bbdada/lmstart.html" />
      <file href="help/tpc/2f784bd4-bc70-4e8f-bc3e-201937bbdada/searchterms.html" />
      <file href="help/tpc/33b8e0ec-1386-4f1b-b4e9-8433d3dc3646/descriptor.xml" />
      <file href="help/tpc/33b8e0ec-1386-4f1b-b4e9-8433d3dc3646/lmstart.html" />
      <file href="help/tpc/33b8e0ec-1386-4f1b-b4e9-8433d3dc3646/searchterms.html" />
      <file href="help/tpc/348e3d94-d028-499b-bee8-822a4a6de268/Parts/index.html" />
      <file href="help/tpc/352969c2-d4aa-41c0-91de-5945e0b33502/descriptor.xml" />
      <file href="help/tpc/352969c2-d4aa-41c0-91de-5945e0b33502/lmstart.html" />
      <file href="help/tpc/352969c2-d4aa-41c0-91de-5945e0b33502/searchterms.html" />
      <file href="help/tpc/37e5207b-f78f-4406-a867-10542352fa86/descriptor.xml" />
      <file href="help/tpc/37e5207b-f78f-4406-a867-10542352fa86/lmstart.html" />
      <file href="help/tpc/37e5207b-f78f-4406-a867-10542352fa86/searchterms.html" />
      <file href="help/tpc/39378cab-7924-41c9-8041-853119984d6f/Parts/index.html" />
      <file href="help/tpc/3b4cf9a2-088e-47b5-aa12-c5ef8846f0fc/descriptor.xml" />
      <file href="help/tpc/3b4cf9a2-088e-47b5-aa12-c5ef8846f0fc/lmstart.html" />
      <file href="help/tpc/3b4cf9a2-088e-47b5-aa12-c5ef8846f0fc/searchterms.html" />
      <file href="help/tpc/3b90a005-84cb-4a81-91af-24ee8b2e2b71/Parts/index.html" />
      <file href="help/tpc/3b9ce3af-8d5c-4600-b710-f225d0bd6641/Parts/index.html" />
      <file href="help/tpc/405368a4-8989-48bd-bfe0-c7ba581e575b/Parts/index.html" />
      <file href="help/tpc/457c6230-63b4-49fe-8370-d1ba9b6ae16e/Parts/index.html" />
      <file href="help/tpc/4c3f76df-b75e-496d-afb5-e6cf2dc9e7a0/Parts/index.html" />
      <file href="help/tpc/4cdcb0b5-76d8-49f0-a5b2-9c9c1875fca3/descriptor.xml" />
      <file href="help/tpc/4cdcb0b5-76d8-49f0-a5b2-9c9c1875fca3/lmstart.html" />
      <file href="help/tpc/4cdcb0b5-76d8-49f0-a5b2-9c9c1875fca3/searchterms.html" />
      <file href="help/tpc/4e13d920-278a-469c-9272-c6a55061fd7a/descriptor.xml" />
      <file href="help/tpc/4e13d920-278a-469c-9272-c6a55061fd7a/lmstart.html" />
      <file href="help/tpc/4e13d920-278a-469c-9272-c6a55061fd7a/searchterms.html" />
      <file href="help/tpc/4e2facf7-b35b-46f4-95d6-d06864818ec1/descriptor.xml" />
      <file href="help/tpc/4e2facf7-b35b-46f4-95d6-d06864818ec1/lmstart.html" />
      <file href="help/tpc/4e2facf7-b35b-46f4-95d6-d06864818ec1/searchterms.html" />
      <file href="help/tpc/5217a699-eb3a-450b-93c7-d883ea0ae929/descriptor.xml" />
      <file href="help/tpc/5217a699-eb3a-450b-93c7-d883ea0ae929/lmstart.html" />
      <file href="help/tpc/5217a699-eb3a-450b-93c7-d883ea0ae929/searchterms.html" />
      <file href="help/tpc/56e2b406-7e4d-4376-a0ca-1995fa8f52a7/descriptor.xml" />
      <file href="help/tpc/56e2b406-7e4d-4376-a0ca-1995fa8f52a7/lmstart.html" />
      <file href="help/tpc/56e2b406-7e4d-4376-a0ca-1995fa8f52a7/searchterms.html" />
      <file href="help/tpc/5ece9310-9757-4ea9-9d8d-e02dca7b9919/Parts/index.html" />
      <file href="help/tpc/60dc6add-dd56-43ff-b2b3-2ce268fa44f6/descriptor.xml" />
      <file href="help/tpc/60dc6add-dd56-43ff-b2b3-2ce268fa44f6/lmstart.html" />
      <file href="help/tpc/60dc6add-dd56-43ff-b2b3-2ce268fa44f6/searchterms.html" />
      <file href="help/tpc/64e8ef31-8b0e-426b-a0cb-7ddfb568d53c/Parts/index.html" />
      <file href="help/tpc/64e949d8-32d6-468e-9b33-acdee736a198/descriptor.xml" />
      <file href="help/tpc/64e949d8-32d6-468e-9b33-acdee736a198/lmstart.html" />
      <file href="help/tpc/64e949d8-32d6-468e-9b33-acdee736a198/searchterms.html" />
      <file href="help/tpc/65e2a7a2-4d65-46d8-a5f1-14ac3846d7a6/Parts/index.html" />
      <file href="help/tpc/6cd15985-38b0-4bb9-957e-410ad534f79d/Parts/index.html" />
      <file href="help/tpc/6e17407b-b73b-4c20-9395-12821b15f3ee/Parts/index.html" />
      <file href="help/tpc/72f343d7-7de4-4f8b-a677-5fadff36fe8c/Parts/index.html" />
      <file href="help/tpc/7503a034-d3c6-4175-aebe-e895684463e3/Parts/index.html" />
      <file href="help/tpc/757c8dd9-0fab-4ef9-9eb3-3ad78edc0aaf/descriptor.xml" />
      <file href="help/tpc/757c8dd9-0fab-4ef9-9eb3-3ad78edc0aaf/lmstart.html" />
      <file href="help/tpc/757c8dd9-0fab-4ef9-9eb3-3ad78edc0aaf/searchterms.html" />
      <file href="help/tpc/7906e2f6-821a-4187-ba84-4201cb9c721d/Parts/index.html" />
      <file href="help/tpc/7a8a585e-9e28-4728-9267-9eb29c5770ef/Parts/index.html" />
      <file href="help/tpc/7cdce770-8f8c-4dc7-8881-9b5b856274f5/descriptor.xml" />
      <file href="help/tpc/7cdce770-8f8c-4dc7-8881-9b5b856274f5/lmstart.html" />
      <file href="help/tpc/7cdce770-8f8c-4dc7-8881-9b5b856274f5/searchterms.html" />
      <file href="help/tpc/7f2818dd-d509-45d8-a47d-5b5393893083/Parts/index.html" />
      <file href="help/tpc/80e339f8-47b7-407c-876b-2535c91eddeb/descriptor.xml" />
      <file href="help/tpc/80e339f8-47b7-407c-876b-2535c91eddeb/lmstart.html" />
      <file href="help/tpc/80e339f8-47b7-407c-876b-2535c91eddeb/searchterms.html" />
      <file href="help/tpc/83f42b3c-dd9c-4508-ad56-829841e81f6c/Parts/index.html" />
      <file href="help/tpc/854e31fa-3d19-4c99-94a3-e2a5f1167a63/Parts/index.html" />
      <file href="help/tpc/872f9a03-6851-4564-839e-082998416d1b/Parts/Alt_Action.gif" />
      <file href="help/tpc/872f9a03-6851-4564-839e-082998416d1b/Parts/askexpert_button.png" />
      <file href="help/tpc/872f9a03-6851-4564-839e-082998416d1b/Parts/assessment.gif" />
      <file href="help/tpc/872f9a03-6851-4564-839e-082998416d1b/Parts/Close.gif" />
      <file href="help/tpc/872f9a03-6851-4564-839e-082998416d1b/Parts/close.png" />
      <file href="help/tpc/872f9a03-6851-4564-839e-082998416d1b/Parts/createnote_button.png" />
      <file href="help/tpc/872f9a03-6851-4564-839e-082998416d1b/Parts/DoIt.gif" />
      <file href="help/tpc/872f9a03-6851-4564-839e-082998416d1b/Parts/feedback.gif" />
      <file href="help/tpc/872f9a03-6851-4564-839e-082998416d1b/Parts/feedback_qualifier.png" />
      <file href="help/tpc/872f9a03-6851-4564-839e-082998416d1b/Parts/fusionHelp.jpg" />
      <file href="help/tpc/872f9a03-6851-4564-839e-082998416d1b/Parts/fusionnext.jpg" />
      <file href="help/tpc/872f9a03-6851-4564-839e-082998416d1b/Parts/fusionPause.jpg" />
      <file href="help/tpc/872f9a03-6851-4564-839e-082998416d1b/Parts/fusionPlay.jpg" />
      <file href="help/tpc/872f9a03-6851-4564-839e-082998416d1b/Parts/fusionPreferences.jpg" />
      <file href="help/tpc/872f9a03-6851-4564-839e-082998416d1b/Parts/fusionPrevious.jpg" />
      <file href="help/tpc/872f9a03-6851-4564-839e-082998416d1b/Parts/fusionRestart.jpg" />
      <file href="help/tpc/872f9a03-6851-4564-839e-082998416d1b/Parts/fusionSlider.jpg" />
      <file href="help/tpc/872f9a03-6851-4564-839e-082998416d1b/Parts/fusionTimeCounter.jpg" />
      <file href="help/tpc/872f9a03-6851-4564-839e-082998416d1b/Parts/fusionVolume_muted.jpg" />
      <file href="help/tpc/872f9a03-6851-4564-839e-082998416d1b/Parts/fusionVolume_unmuted.jpg" />
      <file href="help/tpc/872f9a03-6851-4564-839e-082998416d1b/Parts/Help.jpg" />
      <file href="help/tpc/872f9a03-6851-4564-839e-082998416d1b/Parts/helptopics.png" />
      <file href="help/tpc/872f9a03-6851-4564-839e-082998416d1b/Parts/humpclosed.png" />
      <file href="help/tpc/872f9a03-6851-4564-839e-082998416d1b/Parts/humpopen.png" />
      <file href="help/tpc/872f9a03-6851-4564-839e-082998416d1b/Parts/Jump_In_point.gif" />
      <file href="help/tpc/872f9a03-6851-4564-839e-082998416d1b/Parts/KnowIt.gif" />
      <file href="help/tpc/872f9a03-6851-4564-839e-082998416d1b/Parts/kPathPortal_button.png" />
      <file href="help/tpc/872f9a03-6851-4564-839e-082998416d1b/Parts/left_qualifier.png" />
      <file href="help/tpc/872f9a03-6851-4564-839e-082998416d1b/Parts/logout_button.gif" />
      <file href="help/tpc/872f9a03-6851-4564-839e-082998416d1b/Parts/nav_arrow_dwn.png" />
      <file href="help/tpc/872f9a03-6851-4564-839e-082998416d1b/Parts/nav_arrow_up.png" />
      <file href="help/tpc/872f9a03-6851-4564-839e-082998416d1b/Parts/new_window_ios.png" />
      <file href="help/tpc/872f9a03-6851-4564-839e-082998416d1b/Parts/nexttraversalarrow_dwn.png" />
      <file href="help/tpc/872f9a03-6851-4564-839e-082998416d1b/Parts/nexttraversalarrow_left.png" />
      <file href="help/tpc/872f9a03-6851-4564-839e-082998416d1b/Parts/nexttraversalarrow_right.png" />
      <file href="help/tpc/872f9a03-6851-4564-839e-082998416d1b/Parts/Next_step.jpg" />
      <file href="help/tpc/872f9a03-6851-4564-839e-082998416d1b/Parts/open_in_new_tab.png" />
      <file href="help/tpc/872f9a03-6851-4564-839e-082998416d1b/Parts/outline_open.gif" />
      <file href="help/tpc/872f9a03-6851-4564-839e-082998416d1b/Parts/Pause_Playback.jpg" />
      <file href="help/tpc/872f9a03-6851-4564-839e-082998416d1b/Parts/Pause_Sound.png" />
      <file href="help/tpc/872f9a03-6851-4564-839e-082998416d1b/Parts/Play_sound.png" />
      <file href="help/tpc/872f9a03-6851-4564-839e-082998416d1b/Parts/Preferences.jpg" />
      <file href="help/tpc/872f9a03-6851-4564-839e-082998416d1b/Parts/previoustraversalarrow_dwn.png" />
      <file href="help/tpc/872f9a03-6851-4564-839e-082998416d1b/Parts/Previous_step.jpg" />
      <file href="help/tpc/872f9a03-6851-4564-839e-082998416d1b/Parts/PrintIt.gif" />
      <file href="help/tpc/872f9a03-6851-4564-839e-082998416d1b/Parts/proc_mouse.gif" />
      <file href="help/tpc/872f9a03-6851-4564-839e-082998416d1b/Parts/question.gif" />
      <file href="help/tpc/872f9a03-6851-4564-839e-082998416d1b/Parts/Restart_Playback.jpg" />
      <file href="help/tpc/872f9a03-6851-4564-839e-082998416d1b/Parts/right_qualifier.png" />
      <file href="help/tpc/872f9a03-6851-4564-839e-082998416d1b/Parts/sco_completed.gif" />
      <file href="help/tpc/872f9a03-6851-4564-839e-082998416d1b/Parts/sco_empty.gif" />
      <file href="help/tpc/872f9a03-6851-4564-839e-082998416d1b/Parts/sco_failed.gif" />
      <file href="help/tpc/872f9a03-6851-4564-839e-082998416d1b/Parts/sco_failed_no_bdr.gif" />
      <file href="help/tpc/872f9a03-6851-4564-839e-082998416d1b/Parts/sco_incomplete.gif" />
      <file href="help/tpc/872f9a03-6851-4564-839e-082998416d1b/Parts/sco_notstarted.gif" />
      <file href="help/tpc/872f9a03-6851-4564-839e-082998416d1b/Parts/sco_passed.gif" />
      <file href="help/tpc/872f9a03-6851-4564-839e-082998416d1b/Parts/sco_passed_no_bdr.gif" />
      <file href="help/tpc/872f9a03-6851-4564-839e-082998416d1b/Parts/Search.gif" />
      <file href="help/tpc/872f9a03-6851-4564-839e-082998416d1b/Parts/Search.png" />
      <file href="help/tpc/872f9a03-6851-4564-839e-082998416d1b/Parts/seealsoarrow.PNG" />
      <file href="help/tpc/872f9a03-6851-4564-839e-082998416d1b/Parts/SeeIt.gif" />
      <file href="help/tpc/872f9a03-6851-4564-839e-082998416d1b/Parts/sharelink.gif" />
      <file href="help/tpc/872f9a03-6851-4564-839e-082998416d1b/Parts/showhelp.png" />
      <file href="help/tpc/872f9a03-6851-4564-839e-082998416d1b/Parts/Stop_Sound.png" />
      <file href="help/tpc/872f9a03-6851-4564-839e-082998416d1b/Parts/TryIt.gif" />
      <file href="help/tpc/872f9a03-6851-4564-839e-082998416d1b/Parts/viewnote_button.png" />
      <file href="help/tpc/896bc33e-0a3a-4533-aecc-25cafbdebe0c/Parts/index.html" />
      <file href="help/tpc/8dd9a3b0-78ce-4744-8530-84ccafcd0a24/Parts/index.html" />
      <file href="help/tpc/90542980-01bd-4846-92fd-8227aab0bb95/descriptor.xml" />
      <file href="help/tpc/90542980-01bd-4846-92fd-8227aab0bb95/lmstart.html" />
      <file href="help/tpc/90542980-01bd-4846-92fd-8227aab0bb95/searchterms.html" />
      <file href="help/tpc/92f6f5cf-6a75-48cf-a1a7-66aadc30922a/descriptor.xml" />
      <file href="help/tpc/92f6f5cf-6a75-48cf-a1a7-66aadc30922a/lmstart.html" />
      <file href="help/tpc/92f6f5cf-6a75-48cf-a1a7-66aadc30922a/searchterms.html" />
      <file href="help/tpc/932b7bcf-2c83-4833-8b58-af603adcd440/descriptor.xml" />
      <file href="help/tpc/932b7bcf-2c83-4833-8b58-af603adcd440/lmstart.html" />
      <file href="help/tpc/932b7bcf-2c83-4833-8b58-af603adcd440/searchterms.html" />
      <file href="help/tpc/94b206b9-0d95-42ff-8504-f7ca8f8da506/descriptor.xml" />
      <file href="help/tpc/94b206b9-0d95-42ff-8504-f7ca8f8da506/lmstart.html" />
      <file href="help/tpc/94b206b9-0d95-42ff-8504-f7ca8f8da506/searchterms.html" />
      <file href="help/tpc/96e9446a-8a63-459f-8dcd-dffb2ac52e5b/descriptor.xml" />
      <file href="help/tpc/96e9446a-8a63-459f-8dcd-dffb2ac52e5b/lmstart.html" />
      <file href="help/tpc/96e9446a-8a63-459f-8dcd-dffb2ac52e5b/searchterms.html" />
      <file href="help/tpc/990a5c5d-d7c2-49bc-a95d-15f25152ca97/Parts/developeratttrwrapper.html" />
      <file href="help/tpc/990a5c5d-d7c2-49bc-a95d-15f25152ca97/Parts/kcatttrwrapper.html" />
      <file href="help/tpc/990a5c5d-d7c2-49bc-a95d-15f25152ca97/Parts/playeratttrwrapper.html" />
      <file href="help/tpc/990a5c5d-d7c2-49bc-a95d-15f25152ca97/Parts/shthirdparty.html" />
      <file href="help/tpc/990a5c5d-d7c2-49bc-a95d-15f25152ca97/Parts/xdeveloperatttrwrapper.html" />
      <file href="help/tpc/990a5c5d-d7c2-49bc-a95d-15f25152ca97/Parts/xplayeratttrwrapper.html" />
      <file href="help/tpc/9b71048c-c257-44d9-af7f-3b7009b1b24e/descriptor.xml" />
      <file href="help/tpc/9b71048c-c257-44d9-af7f-3b7009b1b24e/lmstart.html" />
      <file href="help/tpc/9b71048c-c257-44d9-af7f-3b7009b1b24e/searchterms.html" />
      <file href="help/tpc/a256b411-41ff-4bd0-8c73-c0ca45c7734d/descriptor.xml" />
      <file href="help/tpc/a256b411-41ff-4bd0-8c73-c0ca45c7734d/lmstart.html" />
      <file href="help/tpc/a256b411-41ff-4bd0-8c73-c0ca45c7734d/searchterms.html" />
      <file href="help/tpc/ac205be2-c8a0-4af0-85f9-a8d5324ef015/descriptor.xml" />
      <file href="help/tpc/ac205be2-c8a0-4af0-85f9-a8d5324ef015/lmstart.html" />
      <file href="help/tpc/ac205be2-c8a0-4af0-85f9-a8d5324ef015/searchterms.html" />
      <file href="help/tpc/afbae672-c368-493b-9f1a-1f81eb4e2f2c/Parts/index.html" />
      <file href="help/tpc/b327b3fb-0125-410b-826d-5e4e4edf7764/descriptor.xml" />
      <file href="help/tpc/b327b3fb-0125-410b-826d-5e4e4edf7764/lmstart.html" />
      <file href="help/tpc/b327b3fb-0125-410b-826d-5e4e4edf7764/searchterms.html" />
      <file href="help/tpc/b919dad9-2c88-407a-a272-dac11c58cd2b/Parts/index.html" />
      <file href="help/tpc/bb44174a-600f-4721-9e97-c3050b654e67/Parts/index.html" />
      <file href="help/tpc/bcf1cdda-4dda-47bb-a741-d4368d828e95/descriptor.xml" />
      <file href="help/tpc/bcf1cdda-4dda-47bb-a741-d4368d828e95/lmstart.html" />
      <file href="help/tpc/bcf1cdda-4dda-47bb-a741-d4368d828e95/searchterms.html" />
      <file href="help/tpc/bdaebcf6-829e-45b2-9dbf-105086c63c24/descriptor.xml" />
      <file href="help/tpc/bdaebcf6-829e-45b2-9dbf-105086c63c24/lmstart.html" />
      <file href="help/tpc/bdaebcf6-829e-45b2-9dbf-105086c63c24/searchterms.html" />
      <file href="help/tpc/c5d13ef3-98ce-4114-a073-87023538f934/descriptor.xml" />
      <file href="help/tpc/c5d13ef3-98ce-4114-a073-87023538f934/lmstart.html" />
      <file href="help/tpc/c5d13ef3-98ce-4114-a073-87023538f934/searchterms.html" />
      <file href="help/tpc/c7f954cc-7d6a-4c6f-bdaa-0089463caa10/Parts/index.html" />
      <file href="help/tpc/ccec08ae-1c8c-4058-888d-1d0e13415fbb/Parts/index.html" />
      <file href="help/tpc/cd269aa4-a762-461b-ae1c-4e28fae03f16/Parts/index.html" />
      <file href="help/tpc/ce4bc49c-d6a2-4cd4-a641-cbb4eaa949b5/descriptor.xml" />
      <file href="help/tpc/ce4bc49c-d6a2-4cd4-a641-cbb4eaa949b5/lmstart.html" />
      <file href="help/tpc/ce4bc49c-d6a2-4cd4-a641-cbb4eaa949b5/searchterms.html" />
      <file href="help/tpc/d59ea4f6-fce6-47ef-bb21-ed74c11f2c95/Parts/index.html" />
      <file href="help/tpc/da1367f4-d092-46b4-9ff3-0c50146a398d/descriptor.xml" />
      <file href="help/tpc/da1367f4-d092-46b4-9ff3-0c50146a398d/lmstart.html" />
      <file href="help/tpc/da1367f4-d092-46b4-9ff3-0c50146a398d/searchterms.html" />
      <file href="help/tpc/db515f1c-c447-4b05-a9c1-a31ac5add6ef/Parts/index.html" />
      <file href="help/tpc/dbe61d9a-3150-4821-9a26-d0fd2a2aa4e6/descriptor.xml" />
      <file href="help/tpc/dbe61d9a-3150-4821-9a26-d0fd2a2aa4e6/lmstart.html" />
      <file href="help/tpc/dbe61d9a-3150-4821-9a26-d0fd2a2aa4e6/searchterms.html" />
      <file href="help/tpc/e5258168-a61e-44c9-bf13-3ac20f7fd93b/Parts/index.html" />
      <file href="help/tpc/e5f3b610-81fc-4623-938f-2aabd10f57e4/descriptor.xml" />
      <file href="help/tpc/e5f3b610-81fc-4623-938f-2aabd10f57e4/lmstart.html" />
      <file href="help/tpc/e5f3b610-81fc-4623-938f-2aabd10f57e4/searchterms.html" />
      <file href="help/tpc/e830a263-b82b-4909-9889-a4c98ef78f9a/Parts/index.html" />
      <file href="help/tpc/ebe86572-ad7f-4f37-bfb7-4efda2648c96/Parts/index.html" />
      <file href="help/tpc/ec52c770-758f-49b4-95a1-f52a1e02f5d1/descriptor.xml" />
      <file href="help/tpc/ec52c770-758f-49b4-95a1-f52a1e02f5d1/lmstart.html" />
      <file href="help/tpc/ec52c770-758f-49b4-95a1-f52a1e02f5d1/searchterms.html" />
      <file href="help/tpc/ed4f6da5-64fb-4f77-8e87-03d8ba8ed62f/Parts/index.html" />
      <file href="help/tpc/ee19eadb-61c8-4d41-a078-fde3d5d3ced4/descriptor.xml" />
      <file href="help/tpc/ee19eadb-61c8-4d41-a078-fde3d5d3ced4/lmstart.html" />
      <file href="help/tpc/ee19eadb-61c8-4d41-a078-fde3d5d3ced4/searchterms.html" />
      <file href="help/tpc/ee69767e-0ff5-4453-8a00-208b772c688e/Parts/index.html" />
      <file href="help/tpc/f427f27e-387c-4f3d-ae0b-656949a41067/Parts/index.html" />
      <file href="help/tpc/f7e29787-b39b-46c7-a5f0-7260812fb68e/descriptor.xml" />
      <file href="help/tpc/f7e29787-b39b-46c7-a5f0-7260812fb68e/lmstart.html" />
      <file href="help/tpc/f7e29787-b39b-46c7-a5f0-7260812fb68e/searchterms.html" />
      <file href="help/tpc/f87b9b60-33d3-470c-971c-c1ceee8ccdcf/Parts/index.html" />
      <file href="html/about.html" />
      <file href="html/certificate.html" />
      <file href="html/colortable.html" />
      <file href="html/dialog2.html" />
      <file href="html/empty.html" />
      <file href="html/getflash.html" />
      <file href="html/jumpin.html" />
      <file href="html/lmsdebug.html" />
      <file href="html/lmsui.html" />
      <file href="html/pdfgateway.html" />
      <file href="html/preferences.html" />
      <file href="html/roles.html" />
      <file href="html/sharecontent.html" />
      <file href="html/testitnotes.html" />
      <file href="html/testitstr.html" />
      <file href="html/transparent.html" />
      <file href="html/udq_callback.html" />
      <file href="html/unsuppdpi.html" />
      <file href="htmlwebsite/config.js" />
      <file href="htmlwebsite/default.htm" />
      <file href="htmlwebsite/dhtml_kp.html" />
      <file href="htmlwebsite/forweb.css" />
      <file href="htmlwebsite/index.html" />
      <file href="htmlwebsite/keywords.html" />
      <file href="htmlwebsite/kp.html" />
      <file href="htmlwebsite/kp.xml" />
      <file href="htmlwebsite/ondemand.ico" />
      <file href="htmlwebsite/path.js" />
      <file href="htmlwebsite/spacer.gif" />
      <file href="htmlwebsite/data/topicmap.js" />
      <file href="htmlwebsite/img/cb_logo.gif" />
      <file href="htmlwebsite/img/large_logo.gif" />
      <file href="htmlwebsite/js/browser.js" />
      <file href="htmlwebsite/js/cookie.js" />
      <file href="htmlwebsite/js/dual_support.js" />
      <file href="htmlwebsite/js/playerlaunch.js" />
      <file href="htmlwebsite/js/relativelink.js" />
      <file href="htmlwebsite/js/resource.js" />
      <file href="htmlwebsite/js/xmlloader.js" />
      <file href="htmlwebsite/tpc/1a4b801f-3c49-4eed-9af4-440784a74cf9/10.png" />
      <file href="htmlwebsite/tpc/1a4b801f-3c49-4eed-9af4-440784a74cf9/100.png" />
      <file href="htmlwebsite/tpc/1a4b801f-3c49-4eed-9af4-440784a74cf9/102.png" />
      <file href="htmlwebsite/tpc/1a4b801f-3c49-4eed-9af4-440784a74cf9/104.png" />
      <file href="htmlwebsite/tpc/1a4b801f-3c49-4eed-9af4-440784a74cf9/114.png" />
      <file href="htmlwebsite/tpc/1a4b801f-3c49-4eed-9af4-440784a74cf9/116.png" />
      <file href="htmlwebsite/tpc/1a4b801f-3c49-4eed-9af4-440784a74cf9/118.png" />
      <file href="htmlwebsite/tpc/1a4b801f-3c49-4eed-9af4-440784a74cf9/12.png" />
      <file href="htmlwebsite/tpc/1a4b801f-3c49-4eed-9af4-440784a74cf9/120.png" />
      <file href="htmlwebsite/tpc/1a4b801f-3c49-4eed-9af4-440784a74cf9/122.png" />
      <file href="htmlwebsite/tpc/1a4b801f-3c49-4eed-9af4-440784a74cf9/124.png" />
      <file href="htmlwebsite/tpc/1a4b801f-3c49-4eed-9af4-440784a74cf9/126.png" />
      <file href="htmlwebsite/tpc/1a4b801f-3c49-4eed-9af4-440784a74cf9/128.png" />
      <file href="htmlwebsite/tpc/1a4b801f-3c49-4eed-9af4-440784a74cf9/130.png" />
      <file href="htmlwebsite/tpc/1a4b801f-3c49-4eed-9af4-440784a74cf9/132.png" />
      <file href="htmlwebsite/tpc/1a4b801f-3c49-4eed-9af4-440784a74cf9/134.png" />
      <file href="htmlwebsite/tpc/1a4b801f-3c49-4eed-9af4-440784a74cf9/136.png" />
      <file href="htmlwebsite/tpc/1a4b801f-3c49-4eed-9af4-440784a74cf9/138.png" />
      <file href="htmlwebsite/tpc/1a4b801f-3c49-4eed-9af4-440784a74cf9/14.png" />
      <file href="htmlwebsite/tpc/1a4b801f-3c49-4eed-9af4-440784a74cf9/140.png" />
      <file href="htmlwebsite/tpc/1a4b801f-3c49-4eed-9af4-440784a74cf9/142.png" />
      <file href="htmlwebsite/tpc/1a4b801f-3c49-4eed-9af4-440784a74cf9/146.png" />
      <file href="htmlwebsite/tpc/1a4b801f-3c49-4eed-9af4-440784a74cf9/148.png" />
      <file href="htmlwebsite/tpc/1a4b801f-3c49-4eed-9af4-440784a74cf9/150.png" />
      <file href="htmlwebsite/tpc/1a4b801f-3c49-4eed-9af4-440784a74cf9/152.png" />
      <file href="htmlwebsite/tpc/1a4b801f-3c49-4eed-9af4-440784a74cf9/154.png" />
      <file href="htmlwebsite/tpc/1a4b801f-3c49-4eed-9af4-440784a74cf9/156.png" />
      <file href="htmlwebsite/tpc/1a4b801f-3c49-4eed-9af4-440784a74cf9/158.png" />
      <file href="htmlwebsite/tpc/1a4b801f-3c49-4eed-9af4-440784a74cf9/16.png" />
      <file href="htmlwebsite/tpc/1a4b801f-3c49-4eed-9af4-440784a74cf9/160.png" />
      <file href="htmlwebsite/tpc/1a4b801f-3c49-4eed-9af4-440784a74cf9/162.png" />
      <file href="htmlwebsite/tpc/1a4b801f-3c49-4eed-9af4-440784a74cf9/164.png" />
      <file href="htmlwebsite/tpc/1a4b801f-3c49-4eed-9af4-440784a74cf9/166.png" />
      <file href="htmlwebsite/tpc/1a4b801f-3c49-4eed-9af4-440784a74cf9/168.png" />
      <file href="htmlwebsite/tpc/1a4b801f-3c49-4eed-9af4-440784a74cf9/170.png" />
      <file href="htmlwebsite/tpc/1a4b801f-3c49-4eed-9af4-440784a74cf9/178.png" />
      <file href="htmlwebsite/tpc/1a4b801f-3c49-4eed-9af4-440784a74cf9/20.png" />
      <file href="htmlwebsite/tpc/1a4b801f-3c49-4eed-9af4-440784a74cf9/22.png" />
      <file href="htmlwebsite/tpc/1a4b801f-3c49-4eed-9af4-440784a74cf9/24.png" />
      <file href="htmlwebsite/tpc/1a4b801f-3c49-4eed-9af4-440784a74cf9/26.png" />
      <file href="htmlwebsite/tpc/1a4b801f-3c49-4eed-9af4-440784a74cf9/28.png" />
      <file href="htmlwebsite/tpc/1a4b801f-3c49-4eed-9af4-440784a74cf9/285.png" />
      <file href="htmlwebsite/tpc/1a4b801f-3c49-4eed-9af4-440784a74cf9/287.png" />
      <file href="htmlwebsite/tpc/1a4b801f-3c49-4eed-9af4-440784a74cf9/294.png" />
      <file href="htmlwebsite/tpc/1a4b801f-3c49-4eed-9af4-440784a74cf9/296.png" />
      <file href="htmlwebsite/tpc/1a4b801f-3c49-4eed-9af4-440784a74cf9/298.png" />
      <file href="htmlwebsite/tpc/1a4b801f-3c49-4eed-9af4-440784a74cf9/3.png" />
      <file href="htmlwebsite/tpc/1a4b801f-3c49-4eed-9af4-440784a74cf9/30.png" />
      <file href="htmlwebsite/tpc/1a4b801f-3c49-4eed-9af4-440784a74cf9/303.png" />
      <file href="htmlwebsite/tpc/1a4b801f-3c49-4eed-9af4-440784a74cf9/339.png" />
      <file href="htmlwebsite/tpc/1a4b801f-3c49-4eed-9af4-440784a74cf9/341.png" />
      <file href="htmlwebsite/tpc/1a4b801f-3c49-4eed-9af4-440784a74cf9/343.png" />
      <file href="htmlwebsite/tpc/1a4b801f-3c49-4eed-9af4-440784a74cf9/345.png" />
      <file href="htmlwebsite/tpc/1a4b801f-3c49-4eed-9af4-440784a74cf9/36.png" />
      <file href="htmlwebsite/tpc/1a4b801f-3c49-4eed-9af4-440784a74cf9/38.png" />
      <file href="htmlwebsite/tpc/1a4b801f-3c49-4eed-9af4-440784a74cf9/4.png" />
      <file href="htmlwebsite/tpc/1a4b801f-3c49-4eed-9af4-440784a74cf9/40.png" />
      <file href="htmlwebsite/tpc/1a4b801f-3c49-4eed-9af4-440784a74cf9/42.png" />
      <file href="htmlwebsite/tpc/1a4b801f-3c49-4eed-9af4-440784a74cf9/44.png" />
      <file href="htmlwebsite/tpc/1a4b801f-3c49-4eed-9af4-440784a74cf9/46.png" />
      <file href="htmlwebsite/tpc/1a4b801f-3c49-4eed-9af4-440784a74cf9/48.png" />
      <file href="htmlwebsite/tpc/1a4b801f-3c49-4eed-9af4-440784a74cf9/50.png" />
      <file href="htmlwebsite/tpc/1a4b801f-3c49-4eed-9af4-440784a74cf9/56.png" />
      <file href="htmlwebsite/tpc/1a4b801f-3c49-4eed-9af4-440784a74cf9/58.png" />
      <file href="htmlwebsite/tpc/1a4b801f-3c49-4eed-9af4-440784a74cf9/6.png" />
      <file href="htmlwebsite/tpc/1a4b801f-3c49-4eed-9af4-440784a74cf9/60.png" />
      <file href="htmlwebsite/tpc/1a4b801f-3c49-4eed-9af4-440784a74cf9/62.png" />
      <file href="htmlwebsite/tpc/1a4b801f-3c49-4eed-9af4-440784a74cf9/64.png" />
      <file href="htmlwebsite/tpc/1a4b801f-3c49-4eed-9af4-440784a74cf9/68.png" />
      <file href="htmlwebsite/tpc/1a4b801f-3c49-4eed-9af4-440784a74cf9/70.png" />
      <file href="htmlwebsite/tpc/1a4b801f-3c49-4eed-9af4-440784a74cf9/72.png" />
      <file href="htmlwebsite/tpc/1a4b801f-3c49-4eed-9af4-440784a74cf9/74.png" />
      <file href="htmlwebsite/tpc/1a4b801f-3c49-4eed-9af4-440784a74cf9/76.png" />
      <file href="htmlwebsite/tpc/1a4b801f-3c49-4eed-9af4-440784a74cf9/78.png" />
      <file href="htmlwebsite/tpc/1a4b801f-3c49-4eed-9af4-440784a74cf9/80.png" />
      <file href="htmlwebsite/tpc/1a4b801f-3c49-4eed-9af4-440784a74cf9/82.png" />
      <file href="htmlwebsite/tpc/1a4b801f-3c49-4eed-9af4-440784a74cf9/84.png" />
      <file href="htmlwebsite/tpc/1a4b801f-3c49-4eed-9af4-440784a74cf9/86.png" />
      <file href="htmlwebsite/tpc/1a4b801f-3c49-4eed-9af4-440784a74cf9/88.png" />
      <file href="htmlwebsite/tpc/1a4b801f-3c49-4eed-9af4-440784a74cf9/90.png" />
      <file href="htmlwebsite/tpc/1a4b801f-3c49-4eed-9af4-440784a74cf9/92.png" />
      <file href="htmlwebsite/tpc/1a4b801f-3c49-4eed-9af4-440784a74cf9/94.png" />
      <file href="htmlwebsite/tpc/1a4b801f-3c49-4eed-9af4-440784a74cf9/96.png" />
      <file href="htmlwebsite/tpc/1a4b801f-3c49-4eed-9af4-440784a74cf9/98.png" />
      <file href="htmlwebsite/tpc/1a4b801f-3c49-4eed-9af4-440784a74cf9/f10.html" />
      <file href="htmlwebsite/tpc/1a4b801f-3c49-4eed-9af4-440784a74cf9/f104.html" />
      <file href="htmlwebsite/tpc/1a4b801f-3c49-4eed-9af4-440784a74cf9/f114.html" />
      <file href="htmlwebsite/tpc/1a4b801f-3c49-4eed-9af4-440784a74cf9/f116.html" />
      <file href="htmlwebsite/tpc/1a4b801f-3c49-4eed-9af4-440784a74cf9/f118.html" />
      <file href="htmlwebsite/tpc/1a4b801f-3c49-4eed-9af4-440784a74cf9/f12.html" />
      <file href="htmlwebsite/tpc/1a4b801f-3c49-4eed-9af4-440784a74cf9/f120.html" />
      <file href="htmlwebsite/tpc/1a4b801f-3c49-4eed-9af4-440784a74cf9/f122.html" />
      <file href="htmlwebsite/tpc/1a4b801f-3c49-4eed-9af4-440784a74cf9/f124.html" />
      <file href="htmlwebsite/tpc/1a4b801f-3c49-4eed-9af4-440784a74cf9/f126.html" />
      <file href="htmlwebsite/tpc/1a4b801f-3c49-4eed-9af4-440784a74cf9/f130.html" />
      <file href="htmlwebsite/tpc/1a4b801f-3c49-4eed-9af4-440784a74cf9/f132.html" />
      <file href="htmlwebsite/tpc/1a4b801f-3c49-4eed-9af4-440784a74cf9/f134.html" />
      <file href="htmlwebsite/tpc/1a4b801f-3c49-4eed-9af4-440784a74cf9/f136.html" />
      <file href="htmlwebsite/tpc/1a4b801f-3c49-4eed-9af4-440784a74cf9/f138.html" />
      <file href="htmlwebsite/tpc/1a4b801f-3c49-4eed-9af4-440784a74cf9/f14.html" />
      <file href="htmlwebsite/tpc/1a4b801f-3c49-4eed-9af4-440784a74cf9/f140.html" />
      <file href="htmlwebsite/tpc/1a4b801f-3c49-4eed-9af4-440784a74cf9/f142.html" />
      <file href="htmlwebsite/tpc/1a4b801f-3c49-4eed-9af4-440784a74cf9/f146.html" />
      <file href="htmlwebsite/tpc/1a4b801f-3c49-4eed-9af4-440784a74cf9/f148.html" />
      <file href="htmlwebsite/tpc/1a4b801f-3c49-4eed-9af4-440784a74cf9/f150.html" />
      <file href="htmlwebsite/tpc/1a4b801f-3c49-4eed-9af4-440784a74cf9/f154.html" />
      <file href="htmlwebsite/tpc/1a4b801f-3c49-4eed-9af4-440784a74cf9/f16.html" />
      <file href="htmlwebsite/tpc/1a4b801f-3c49-4eed-9af4-440784a74cf9/f170.html" />
      <file href="htmlwebsite/tpc/1a4b801f-3c49-4eed-9af4-440784a74cf9/f178.html" />
      <file href="htmlwebsite/tpc/1a4b801f-3c49-4eed-9af4-440784a74cf9/f20.html" />
      <file href="htmlwebsite/tpc/1a4b801f-3c49-4eed-9af4-440784a74cf9/f22.html" />
      <file href="htmlwebsite/tpc/1a4b801f-3c49-4eed-9af4-440784a74cf9/f24.html" />
      <file href="htmlwebsite/tpc/1a4b801f-3c49-4eed-9af4-440784a74cf9/f26.html" />
      <file href="htmlwebsite/tpc/1a4b801f-3c49-4eed-9af4-440784a74cf9/f28.html" />
      <file href="htmlwebsite/tpc/1a4b801f-3c49-4eed-9af4-440784a74cf9/f294.html" />
      <file href="htmlwebsite/tpc/1a4b801f-3c49-4eed-9af4-440784a74cf9/f296.html" />
      <file href="htmlwebsite/tpc/1a4b801f-3c49-4eed-9af4-440784a74cf9/f298.html" />
      <file href="htmlwebsite/tpc/1a4b801f-3c49-4eed-9af4-440784a74cf9/f3.html" />
      <file href="htmlwebsite/tpc/1a4b801f-3c49-4eed-9af4-440784a74cf9/f30.html" />
      <file href="htmlwebsite/tpc/1a4b801f-3c49-4eed-9af4-440784a74cf9/f303.html" />
      <file href="htmlwebsite/tpc/1a4b801f-3c49-4eed-9af4-440784a74cf9/f339.html" />
      <file href="htmlwebsite/tpc/1a4b801f-3c49-4eed-9af4-440784a74cf9/f341.html" />
      <file href="htmlwebsite/tpc/1a4b801f-3c49-4eed-9af4-440784a74cf9/f343.html" />
      <file href="htmlwebsite/tpc/1a4b801f-3c49-4eed-9af4-440784a74cf9/f345.html" />
      <file href="htmlwebsite/tpc/1a4b801f-3c49-4eed-9af4-440784a74cf9/f36.html" />
      <file href="htmlwebsite/tpc/1a4b801f-3c49-4eed-9af4-440784a74cf9/f38.html" />
      <file href="htmlwebsite/tpc/1a4b801f-3c49-4eed-9af4-440784a74cf9/f4.html" />
      <file href="htmlwebsite/tpc/1a4b801f-3c49-4eed-9af4-440784a74cf9/f40.html" />
      <file href="htmlwebsite/tpc/1a4b801f-3c49-4eed-9af4-440784a74cf9/f42.html" />
      <file href="htmlwebsite/tpc/1a4b801f-3c49-4eed-9af4-440784a74cf9/f44.html" />
      <file href="htmlwebsite/tpc/1a4b801f-3c49-4eed-9af4-440784a74cf9/f46.html" />
      <file href="htmlwebsite/tpc/1a4b801f-3c49-4eed-9af4-440784a74cf9/f48.html" />
      <file href="htmlwebsite/tpc/1a4b801f-3c49-4eed-9af4-440784a74cf9/f50.html" />
      <file href="htmlwebsite/tpc/1a4b801f-3c49-4eed-9af4-440784a74cf9/f56.html" />
      <file href="htmlwebsite/tpc/1a4b801f-3c49-4eed-9af4-440784a74cf9/f58.html" />
      <file href="htmlwebsite/tpc/1a4b801f-3c49-4eed-9af4-440784a74cf9/f6.html" />
      <file href="htmlwebsite/tpc/1a4b801f-3c49-4eed-9af4-440784a74cf9/f60.html" />
      <file href="htmlwebsite/tpc/1a4b801f-3c49-4eed-9af4-440784a74cf9/f62.html" />
      <file href="htmlwebsite/tpc/1a4b801f-3c49-4eed-9af4-440784a74cf9/f64.html" />
      <file href="htmlwebsite/tpc/1a4b801f-3c49-4eed-9af4-440784a74cf9/f68.html" />
      <file href="htmlwebsite/tpc/1a4b801f-3c49-4eed-9af4-440784a74cf9/f70.html" />
      <file href="htmlwebsite/tpc/1a4b801f-3c49-4eed-9af4-440784a74cf9/f72.html" />
      <file href="htmlwebsite/tpc/1a4b801f-3c49-4eed-9af4-440784a74cf9/f90.html" />
      <file href="htmlwebsite/tpc/1a4b801f-3c49-4eed-9af4-440784a74cf9/topic.html" />
      <file href="img/003366line.gif" />
      <file href="img/alternatives.gif" />
      <file href="img/arrow0.gif" />
      <file href="img/arrow2.gif" />
      <file href="img/backward_button.gif" />
      <file href="img/banner_image.png" />
      <file href="img/bffffc0_01.png" />
      <file href="img/bffffc0_02.png" />
      <file href="img/bffffc0_03.png" />
      <file href="img/bffffc0_03disab.png" />
      <file href="img/bffffc0_03empty.png" />
      <file href="img/bffffc0_03over.png" />
      <file href="img/bffffc0_04.png" />
      <file href="img/bffffc0_06.png" />
      <file href="img/bffffc0_07.png" />
      <file href="img/bffffc0_08.png" />
      <file href="img/bffffc0_09.png" />
      <file href="img/bffffc0_anch_bl.png" />
      <file href="img/bffffc0_anch_br.png" />
      <file href="img/bffffc0_anch_lthigh.png" />
      <file href="img/bffffc0_anch_ltlow.png" />
      <file href="img/bffffc0_anch_rthigh.png" />
      <file href="img/bffffc0_anch_rtlow.png" />
      <file href="img/bffffc0_anch_tl.png" />
      <file href="img/bffffc0_anch_tr.png" />
      <file href="img/bleft.gif" />
      <file href="img/bmiddle.gif" />
      <file href="img/bright.gif" />
      <file href="img/cb_logo.gif" />
      <file href="img/curvlt003366.gif" />
      <file href="img/curvrt003366.gif" />
      <file href="img/empty.gif" />
      <file href="img/error.png" />
      <file href="img/finbg.gif" />
      <file href="img/finedge.gif" />
      <file href="img/forward_button.gif" />
      <file href="img/framelink_defaulticon.gif" />
      <file href="img/giftrk1.gif" />
      <file href="img/greybar.gif" />
      <file href="img/icon00.gif" />
      <file href="img/icon01.gif" />
      <file href="img/icon02.gif" />
      <file href="img/icon03.gif" />
      <file href="img/icon04.gif" />
      <file href="img/icon05.gif" />
      <file href="img/icon06.gif" />
      <file href="img/icon07.gif" />
      <file href="img/icon08.gif" />
      <file href="img/icon09.gif" />
      <file href="img/icon10.gif" />
      <file href="img/icon11.gif" />
      <file href="img/icon12.gif" />
      <file href="img/icon13.gif" />
      <file href="img/icon14.gif" />
      <file href="img/icon15.gif" />
      <file href="img/icon16.gif" />
      <file href="img/icon17.gif" />
      <file href="img/icon18.gif" />
      <file href="img/icon19.gif" />
      <file href="img/icon20.gif" />
      <file href="img/icon21.gif" />
      <file href="img/icon22.gif" />
      <file href="img/icon23.gif" />
      <file href="img/icon24.gif" />
      <file href="img/icon25.gif" />
      <file href="img/icon26.gif" />
      <file href="img/icon27.gif" />
      <file href="img/icon28.gif" />
      <file href="img/icon29.gif" />
      <file href="img/icon30.gif" />
      <file href="img/icon31.gif" />
      <file href="img/icon32.gif" />
      <file href="img/icon33.gif" />
      <file href="img/icon34.gif" />
      <file href="img/icondivide.gif" />
      <file href="img/ipad_messagebar.png" />
      <file href="img/ipad_playbutton.png" />
      <file href="img/large_logo.gif" />
      <file href="img/nav_underlg.gif" />
      <file href="img/odtopic30x30.png" />
      <file href="img/outline_c30x30.png" />
      <file href="img/outline_o30x30.png" />
      <file href="img/play_pause_button.gif" />
      <file href="img/resizegrip.gif" />
      <file href="img/restart_button.gif" />
      <file href="img/search.gif" />
      <file href="img/skipframe.gif" />
      <file href="img/small_logo.gif" />
      <file href="img/spacer.gif" />
      <file href="img/stepdispl0.gif" />
      <file href="img/stepdispl1.gif" />
      <file href="img/s_buttonbackground1.png" />
      <file href="img/userprofile_button.png" />
      <file href="img/volumeinput.gif" />
      <file href="js/jquery-ui.min.js" />
      <file href="js/jquery.min.js" />
      <file href="js/lms_question.js" />
      <file href="js/resource.js" />
      <file href="js/resource_b.js" />
      <file href="js/testimages.js" />
      <file href="js/testitreport.js" />
      <file href="js/testitreportload.js" />
      <file href="js/_about.js" />
      <file href="js/_assessment.js" />
      <file href="js/_assessmenttpc.js" />
      <file href="js/_dialog.js" />
      <file href="js/_getflash.js" />
      <file href="js/_index.js" />
      <file href="js/_leadin.js" />
      <file href="js/_lmstart.js" />
      <file href="js/_lmsui.js" />
      <file href="js/_preferences.js" />
      <file href="js/_roles.js" />
      <file href="js/_sharecontent.js" />
      <file href="js/_toc0.js" />
      <file href="js/_topic.js" />
      <file href="js/_topicg.js" />
      <file href="js/_topicgc.js" />
      <file href="js/_unsuppdpi.js" />
      <file href="js/_webpage.js" />
      <file href="js/jsx/lms_question.js" />
      <file href="js/jsx/_about.js" />
      <file href="js/jsx/_assessment.js" />
      <file href="js/jsx/_dialog.js" />
      <file href="js/jsx/_getflash.js" />
      <file href="js/jsx/_index.js" />
      <file href="js/jsx/_leadin.js" />
      <file href="js/jsx/_lmstart.js" />
      <file href="js/jsx/_lmsui.js" />
      <file href="js/jsx/_preferences.js" />
      <file href="js/jsx/_roles.js" />
      <file href="js/jsx/_sharecontent.js" />
      <file href="js/jsx/_toc0.js" />
      <file href="js/jsx/_topic.js" />
      <file href="js/jsx/_topicg.js" />
      <file href="js/jsx/_topicgc.js" />
      <file href="js/jsx/_unsuppdpi.js" />
      <file href="js/jsx/_webpage.js" />
      <file href="stdhemi/configdata.json.js" />
      <file href="stdhemi/hint_gateway.html" />
      <file href="stdhemi/hint_gateway.js" />
      <file href="xml/ping.xml" />
    </resource>
  </resources>
  <imsss:sequencingCollection>
    <imsss:sequencing ID="SEQ_ITEM">
      <imsss:controlMode choice="true" choiceExit="true" flow="true" useCurrentAttemptObjectiveInfo="false" useCurrentAttemptProgressInfo="false" />
    </imsss:sequencing>
    <imsss:sequencing ID="SEQ_PERSONALCOURSITEM">
      <imsss:controlMode choice="true" choiceExit="true" flow="true" useCurrentAttemptObjectiveInfo="false" useCurrentAttemptProgressInfo="false" />
      <imsss:sequencingRules>
        <imsss:preConditionRule>
          <imsss:ruleConditions>
            <imsss:ruleCondition referenceObjective="PERSONALCOURSEOBJ" condition="satisfied" />
          </imsss:ruleConditions>
          <imsss:ruleAction action="skip" />
        </imsss:preConditionRule>
      </imsss:sequencingRules>
      <adlseq:rollupConsiderations requiredForCompleted="ifNotSkipped" requiredForSatisfied="ifNotSkipped" />
    </imsss:sequencing>
  </imsss:sequencingCollection>
</manifest>