﻿<KPExport sw_version="12.1" xmlns:msxsl="urn:schemas-microsoft-com:xslt" xmlns:xlink="http://www.w3.org/1999/xlink" xmlns:odext="urn:odext" xmlns:tpc="urn:topic-v1" xmlns:sct="urn:section-v1"><Outline Title="The HUB Training" Guid="21f74c87-b8bc-477d-ac17-72e575784b98"><Topic Title="HUB" Guid="1a4b801f-3c49-4eed-9af4-440784a74cf9">
  <PlayModes>
    <Mode type="simulated" name="DemoMode" caption="See It!" href="index.html#Guid=1a4b801f-3c49-4eed-9af4-440784a74cf9&amp;Mode=S" />
    <Mode type="simulated" name="TeacherMode" caption="Try It!" href="index.html#Guid=1a4b801f-3c49-4eed-9af4-440784a74cf9&amp;Mode=T" />
    <Mode type="query" name="AssessmentMode" caption="Know It?" href="index.html#Guid=1a4b801f-3c49-4eed-9af4-440784a74cf9&amp;Mode=K" />
    <Mode type="live" name="GuideItMode" caption="Do It!" href="index.html#Guid=1a4b801f-3c49-4eed-9af4-440784a74cf9&amp;Mode=D" />
    <Mode type="print" name="PrintItMode" caption="Print It!" href="index.html#Guid=1a4b801f-3c49-4eed-9af4-440784a74cf9&amp;Mode=P" />
    <Mode type="readonly" name="ReadOnlyMode" caption="Access It!" href="html/index.html#Guid=1a4b801f-3c49-4eed-9af4-440784a74cf9&amp;Mode=A" />
  </PlayModes>
</Topic></Outline></KPExport>