﻿<CBD><N>00XP$00221a4b801f$002D3c49$002D4eed$002D9af4$002D440784a74cf912</N><N>0021312</N><N>011712</N><N>0022212</N><N>001712</N><N>006action12</N><N>015nnual12</N><N>014pply12</N><N>036rovals12</N><N>019ttendance12</N><N>006cancel12</N><N>024sual12</N><N>015hange12</N><N>032rt12</N><N>017ollapse12</N><N>004date12</N><N>018eduction12</N><N>006excuse12</N><N>024pand12</N><N>003for12</N><N>004home12</N><N>012ub12</N><N>00Eirregularities12</N><N>003jun12</N><N>005leave12</N><N>051s12</N><N>054type12</N><N>014ogin12</N><N>033out12</N><N>005month12</N><N>003net12</N><N>021w12</N><N>002of12</N><N>011k12</N><N>012ld12</N><N>017riginal12</N><N>012ut12</N><N>008password12</N><N>022th12</N><N>015olicy12</N><N>00Cre$002Denter12</N><N>006salary12</N><N>022ve12</N><N>015elect12</N><N>003the12</N><N>013ime12</N><N>008username12</N><N>02Imanriaz$0040nishat12</N><N>000</N></CBD>