﻿<Description xmlns:xlink="http://www.w3.org/1999/xlink" xmlns:mfx="urn:manifest-v1" xmlns:tpc="urn:topic-v1" xmlns:sct="urn:section-v1" xmlns:asm="urn:assessment-v1" xmlns:odext="urn:odext">
  <Title>HUB</Title>
  <Type>Topic</Type>
  <PlayModes>STKDPE</PlayModes>
  <LMSModes>STKE</LMSModes><Leadin>1</Leadin><Template>7da4d947-a7cf-438f-b522-f940453eaa5b</Template><KnowItPercent>100</KnowItPercent><EmptyModes></EmptyModes><PrintItName>1a4b801f-3c49-4eed-9af4-440784a74cf9_JOBAID.html</PrintItName></Description>