﻿<?xml version="1.0" encoding="utf-8"?>
<Project>
  <PropertyGroup Condition="system">
    <AutoLaunchPreview>txt\preview.txt</AutoLaunchPreview>
    <DeveloperStyleDocument>2815d5cb-0fbb-434b-a00b-b7c04a5cbe3d</DeveloperStyleDocument>
    <FeatureId>Publishing_TestDoc</FeatureId>
    <NormalPrint>False</NormalPrint>
    <PreviewProjectFile>preview.project.xml</PreviewProjectFile>
    <PrintItEnabled>False</PrintItEnabled>
    <PrintItStyle>1</PrintItStyle>
    <RunAsTestIt>True</RunAsTestIt>
    <StyleDocument>2815d5cb-0fbb-434b-a00b-b7c04a5cbe3d</StyleDocument>
    <StyleProject>project.xml</StyleProject>
    <TestItStyle>1</TestItStyle>
  </PropertyGroup>
  <PropertyGroup Condition="user">
    <ConvertScreenshotsSetting>True</ConvertScreenshotsSetting>
    <IncludeAlternativesSetting>True</IncludeAlternativesSetting>
    <IncludeRelativeLinksSetting>True</IncludeRelativeLinksSetting>
    <IncludeScreenshots>S</IncludeScreenshots>
    <OutputFormatAdobeSetting>False</OutputFormatAdobeSetting>
    <OutputFormatHTMLSetting>True</OutputFormatHTMLSetting>
    <OutputFormatMSSetting>False</OutputFormatMSSetting>
    <PaperSize>L</PaperSize>
    <TextMode>c</TextMode>
    <UseEncodedFolderAndFileNames>True</UseEncodedFolderAndFileNames>
  </PropertyGroup>
  <Import Project="/$(StyleDocument)/Parts/$(StyleProject)" />
</Project>