﻿<?xml version="1.0" encoding="utf-8"?>
<Project>
  <PropertyGroup Condition="system">
    <AutoLaunch>index.html</AutoLaunch>
    <DeveloperStyleDocument>4c20ff6c-e68a-4385-b386-e188ed67d9c3</DeveloperStyleDocument>
    <FeatureId>Publishing_HTML</FeatureId>
    <NormalPrint>True</NormalPrint>
    <StyleDocument>4c20ff6c-e68a-4385-b386-e188ed67d9c3</StyleDocument>
    <StyleProject>project.xml</StyleProject>
    <SubFolderName>HTMLPages</SubFolderName>
  </PropertyGroup>
  <PropertyGroup Condition="user">
    <ConvertScreenshotsSetting>True</ConvertScreenshotsSetting>
    <IncludeStepsSetting>True</IncludeStepsSetting>
  </PropertyGroup>
  <Import Project="/$(StyleDocument)/Parts/$(StyleProject)" />
</Project>