﻿<?xml version="1.0" encoding="utf-8"?>
<Project>
  <PropertyGroup Condition="system">
    <AutoLaunch>play.exe</AutoLaunch>
    <AutoLaunchPreview>txt\preview.txt</AutoLaunchPreview>
    <DeveloperStyleDocument>4c584f7e-18fc-4208-a2d4-5eb113c09884</DeveloperStyleDocument>
    <FeatureId>Publishing_PPT</FeatureId>
    <NormalPrint>True</NormalPrint>
    <PreviewProjectFile>preview.project.xml</PreviewProjectFile>
    <StyleDocument>4c584f7e-18fc-4208-a2d4-5eb113c09884</StyleDocument>
    <StyleProject>project.xml</StyleProject>
    <SubFolderName>Presentation</SubFolderName>
  </PropertyGroup>
  <PropertyGroup Condition="user">
    <ColorSelectionMarqueeSetting>FFFF0000</ColorSelectionMarqueeSetting>
    <ConvertScreenshotsSetting>True</ConvertScreenshotsSetting>
    <IncludeActionAreaSetting>True</IncludeActionAreaSetting>
    <IncludeAlternativesSetting>True</IncludeAlternativesSetting>
    <IncludeRelativeLinksSetting>True</IncludeRelativeLinksSetting>
    <TextMode>d</TextMode>
    <UseEncodedFolderAndFileNames>True</UseEncodedFolderAndFileNames>
  </PropertyGroup>
  <Import Project="/$(StyleDocument)/Parts/$(StyleProject)" />
</Project>