﻿<?xml version="1.0" encoding="utf-8"?>
<Project>
  <PropertyGroup Condition="system">
    <AutoLaunchPreview>txt\preview.txt</AutoLaunchPreview>
    <DeveloperStyleDocument>5dae4814-9658-4530-ac99-14d6279027d3</DeveloperStyleDocument>
    <FeatureId>Publishing_JobAid</FeatureId>
    <NormalPrint>True</NormalPrint>
    <PreviewProjectFile>preview.project.xml</PreviewProjectFile>
    <PrintItStyle>1</PrintItStyle>
    <StyleDocument>5dae4814-9658-4530-ac99-14d6279027d3</StyleDocument>
    <StyleProject>project.xml</StyleProject>
    <SubFolderName>JobAid</SubFolderName>
  </PropertyGroup>
  <PropertyGroup Condition="user">
    <ConvertScreenshotsSetting>True</ConvertScreenshotsSetting>
    <IncludeAlternativesSetting>True</IncludeAlternativesSetting>
    <IncludeRelativeLinksSetting>True</IncludeRelativeLinksSetting>
    <IncludeScreenshots>N</IncludeScreenshots>
    <OutputFormatAdobeSetting>True</OutputFormatAdobeSetting>
    <OutputFormatHTMLSetting>True</OutputFormatHTMLSetting>
    <OutputFormatMSSetting>True</OutputFormatMSSetting>
    <PaperSize>L</PaperSize>
    <TextMode>c</TextMode>
    <UseEncodedFolderAndFileNames>False</UseEncodedFolderAndFileNames>
  </PropertyGroup>
  <Import Project="/$(StyleDocument)/Parts/$(StyleProject)" />
</Project>