﻿<?xml version="1.0" encoding="utf-8"?>
<Project>
  <PropertyGroup Condition="system">
    <AutoLaunchPreview>txt\preview.txt</AutoLaunchPreview>
    <DeveloperStyleDocument>6aac0ada-b7f2-4d15-b26a-6db1d7681788</DeveloperStyleDocument>
    <FeatureId>Publishing_TestResults</FeatureId>
    <NormalPrint>True</NormalPrint>
    <PreviewProjectFile>preview.project.xml</PreviewProjectFile>
    <PrintItStyle>0</PrintItStyle>
    <StyleDocument>6aac0ada-b7f2-4d15-b26a-6db1d7681788</StyleDocument>
    <StyleProject>project.xml</StyleProject>
    <SubFolderName>TestResults</SubFolderName>
    <TestItStyle>1</TestItStyle>
  </PropertyGroup>
  <PropertyGroup Condition="user">
    <ConvertScreenshotsSetting>True</ConvertScreenshotsSetting>
    <IncludeAlternativesSetting>True</IncludeAlternativesSetting>
    <IncludeRelativeLinksSetting>True</IncludeRelativeLinksSetting>
    <IncludeScreenshots>S</IncludeScreenshots>
    <OutputFormatAdobeSetting>True</OutputFormatAdobeSetting>
    <OutputFormatHTMLSetting>True</OutputFormatHTMLSetting>
    <OutputFormatMSSetting>True</OutputFormatMSSetting>
    <PaperSize>L</PaperSize>
    <TextMode>c</TextMode>
    <UseEncodedFolderAndFileNames>False</UseEncodedFolderAndFileNames>
  </PropertyGroup>
  <Import Project="/$(StyleDocument)/Parts/$(StyleProject)" />
</Project>