﻿<?xml version="1.0" encoding="utf-8"?>
<Project>
  <PropertyGroup Condition="system">
    <DeveloperStyleDocument>a28f8f53-ada3-471f-a84a-a1098e24a96d</DeveloperStyleDocument>
    <ExcludeExplanation>true</ExcludeExplanation>
    <FeatureId>Publishing_HPQC</FeatureId>
    <GenerateAnEmptyRowBetweenTopics>true</GenerateAnEmptyRowBetweenTopics>
    <NormalPrint>True</NormalPrint>
    <StyleDocument>a28f8f53-ada3-471f-a84a-a1098e24a96d</StyleDocument>
    <StyleProject>project.xml</StyleProject>
    <SubFolderName>TC</SubFolderName>
  </PropertyGroup>
  <PropertyGroup Condition="user">
    <Format>OATS_ColumnSpec.xml</Format>
    <GroupByECID>True</GroupByECID>
    <IncludeAlternativesSetting>True</IncludeAlternativesSetting>
    <TextMode>c</TextMode>
    <UseEncodedFolderAndFileNames>True</UseEncodedFolderAndFileNames>
  </PropertyGroup>
  <Import Project="/$(StyleDocument)/Parts/$(StyleProject)" />
</Project>