﻿<?xml version="1.0" encoding="utf-8"?>
<Project>
  <PropertyGroup Condition="system">
    <AutoLaunchPreview>txt\preview.txt</AutoLaunchPreview>
    <DeveloperStyleDocument>e2c0092c-eeb2-4e9e-8bbd-9f2a64c0fee6</DeveloperStyleDocument>
    <FeatureId>Publishing_BPD</FeatureId>
    <NormalPrint>True</NormalPrint>
    <PreviewProjectFile>preview.project.xml</PreviewProjectFile>
    <PrintItStyle>1</PrintItStyle>
    <StyleDocument>e2c0092c-eeb2-4e9e-8bbd-9f2a64c0fee6</StyleDocument>
    <StyleProject>project.xml</StyleProject>
    <SubFolderName>SPD</SubFolderName>
  </PropertyGroup>
  <PropertyGroup Condition="user">
    <ConvertScreenshotsSetting>True</ConvertScreenshotsSetting>
    <IncludeAlternativesSetting>True</IncludeAlternativesSetting>
    <IncludePackageImagesSetting>True</IncludePackageImagesSetting>
    <IncludeRelativeLinksSetting>True</IncludeRelativeLinksSetting>
    <IncludeScreenshots>S</IncludeScreenshots>
    <IncludeWebImagesSetting>True</IncludeWebImagesSetting>
    <OutputFormatAdobeSetting>True</OutputFormatAdobeSetting>
    <OutputFormatHTMLSetting>True</OutputFormatHTMLSetting>
    <OutputFormatMSSetting>True</OutputFormatMSSetting>
    <PaperSize>L</PaperSize>
    <TextMode>d</TextMode>
    <UseEncodedFolderAndFileNames>True</UseEncodedFolderAndFileNames>
    <WebPageFormat>Developer</WebPageFormat>
  </PropertyGroup>
  <Import Project="/$(StyleDocument)/Parts/$(StyleProject)" />
</Project>