﻿<?xml version="1.0" encoding="utf-8"?>
<Project>
  <PropertyGroup Condition="system">
    <AutoLaunch>Play.exe</AutoLaunch>
    <AutoLaunchPreview>xml\preview.txt</AutoLaunchPreview>
    <DeveloperStyleDocument>f3bc54e2-a85e-452a-abb0-2dad5435a6bb</DeveloperStyleDocument>
    <FeatureId>Publishing_Player</FeatureId>
    <HtmlGuid>4c20ff6c-e68a-4385-b386-e188ed67d9c3</HtmlGuid>
    <InfoblockHeight>300</InfoblockHeight>
    <InfoblockHeight2>480</InfoblockHeight2>
    <InfoblockWidth>400</InfoblockWidth>
    <InfoblockWidth2>640</InfoblockWidth2>
    <NormalPrint>True</NormalPrint>
    <PlayerStyle>1</PlayerStyle>
    <PreviewProjectFile>Preview.Project.xml</PreviewProjectFile>
    <PrintItEnabled>True</PrintItEnabled>
    <PrintItStyleDocument>5dae4814-9658-4530-ac99-14d6279027d3</PrintItStyleDocument>
    <StyleDocument>f3bc54e2-a85e-452a-abb0-2dad5435a6bb</StyleDocument>
    <StyleProject>project.xml</StyleProject>
    <SubFolderName>PlayerPackage</SubFolderName>
    <TestItGuid>2815d5cb-0fbb-434b-a00b-b7c04a5cbe3d</TestItGuid>
  </PropertyGroup>
  <PropertyGroup Condition="user">
    <AltKeyComboBoxSetting>LeftAlt</AltKeyComboBoxSetting>
    <ApplicableOutlineDisplaySetting>L</ApplicableOutlineDisplaySetting>
    <ColorSelectionMarqueeSetting>FFFF0000</ColorSelectionMarqueeSetting>
    <ConvertScreenshotsSetting>True</ConvertScreenshotsSetting>
    <CreateZipFileSetting>True</CreateZipFileSetting>
    <CtrlKeyComboBoxSetting>LeftCtrl</CtrlKeyComboBoxSetting>
    <DefaultPlaybackModeSetting>T</DefaultPlaybackModeSetting>
    <EnableChangePlayerPrefsSetting>True</EnableChangePlayerPrefsSetting>
    <EnableDirectDoItSetting>True</EnableDirectDoItSetting>
    <EnableSkippingInTryItSetting>True</EnableSkippingInTryItSetting>
    <IASSetting>default</IASSetting>
    <IncludeStepsSetting>True</IncludeStepsSetting>
    <KPath_PublishToKPath>True</KPath_PublishToKPath>
    <OpenHtmlSetting>True</OpenHtmlSetting>
    <PlayAudioSetting>All</PlayAudioSetting>
    <PrefixURLSetting />
    <PrintItFormatSetting>5dae4814-9658-4530-ac99-14d6279027d3</PrintItFormatSetting>
    <SCORMVersionSetting>13</SCORMVersionSetting>
    <SeeItPlaybackSizeSetting>1024x768</SeeItPlaybackSizeSetting>
    <ShiftKeyComboBoxSetting>NoShift</ShiftKeyComboBoxSetting>
    <ShowIntroductionTextSetting>True</ShowIntroductionTextSetting>
    <SkinSetting>none</SkinSetting>
    <SoundOptSetting>True</SoundOptSetting>
    <SoundSetting>High</SoundSetting>
    <TestItSetting>True</TestItSetting>
  </PropertyGroup>
  <Import Project="/$(StyleDocument)/Parts/$(StyleProject)" />
</Project>