﻿<?xml version="1.0" encoding="utf-8"?>
<Project>
  <PropertyGroup Condition="system">
    <AutoLaunchPreview>txt\preview.txt</AutoLaunchPreview>
    <DeveloperStyleDocument>f3bc54e2-a85e-452a-abb0-2dad5435a6bb</DeveloperStyleDocument>
    <FeatureId>Publishing_JobAid</FeatureId>
    <NormalPrint>False</NormalPrint>
    <PreviewProjectFile>preview.project.xml</PreviewProjectFile>
    <PrintItStyle>1</PrintItStyle>
    <StyleDocument>5dae4814-9658-4530-ac99-14d6279027d3</StyleDocument>
    <StyleProject>project.xml</StyleProject>
    <TestItSetting>False</TestItSetting>
  </PropertyGroup>
  <PropertyGroup Condition="user">
    <ConvertScreenshotsSetting>True</ConvertScreenshotsSetting>
    <IncludeAlternativesSetting>True</IncludeAlternativesSetting>
    <IncludeRelativeLinksSetting>True</IncludeRelativeLinksSetting>
    <IncludeScreenshots>N</IncludeScreenshots>
    <OutputFormatAdobeSetting>False</OutputFormatAdobeSetting>
    <OutputFormatHTMLSetting>True</OutputFormatHTMLSetting>
    <OutputFormatMSSetting>False</OutputFormatMSSetting>
    <PaperSize>L</PaperSize>
    <TextMode>c</TextMode>
    <UseEncodedFolderAndFileNames>True</UseEncodedFolderAndFileNames>
  </PropertyGroup>
  <Import Project="/$(StyleDocument)/Parts/$(StyleProject)" />
</Project>