﻿<?xml version="1.0" encoding="utf-8"?>
<Project>
  <PropertyGroup Condition="system">
    <AutoLaunchPreview>txt\preview.txt</AutoLaunchPreview>
    <DeveloperStyleDocument>f8b782e0-aead-44f6-a8f5-df289e4a3972</DeveloperStyleDocument>
    <FeatureId>Publishing_ILT</FeatureId>
    <NormalPrint>True</NormalPrint>
    <PreviewProjectFile>preview.project.xml</PreviewProjectFile>
    <PrintItStyle>0</PrintItStyle>
    <StyleDocument>f8b782e0-aead-44f6-a8f5-df289e4a3972</StyleDocument>
    <StyleProject>project.xml</StyleProject>
    <SubFolderName>Training Guide</SubFolderName>
  </PropertyGroup>
  <PropertyGroup Condition="user">
    <ConvertScreenshotsSetting>True</ConvertScreenshotsSetting>
    <IncludeAlternativesSetting>True</IncludeAlternativesSetting>
    <IncludeAssessmentsSetting>True</IncludeAssessmentsSetting>
    <IncludePackageImagesSetting>True</IncludePackageImagesSetting>
    <IncludeQuestionsSetting>True</IncludeQuestionsSetting>
    <IncludeRelativeLinksSetting>True</IncludeRelativeLinksSetting>
    <IncludeScreenshots>S</IncludeScreenshots>
    <IncludeWebImagesSetting>True</IncludeWebImagesSetting>
    <OutputFormatAdobeSetting>True</OutputFormatAdobeSetting>
    <OutputFormatHTMLSetting>True</OutputFormatHTMLSetting>
    <OutputFormatMSSetting>True</OutputFormatMSSetting>
    <PaperSize>L</PaperSize>
    <TextMode>d</TextMode>
    <UseEncodedFolderAndFileNames>False</UseEncodedFolderAndFileNames>
    <WebPageFormat>Developer</WebPageFormat>
  </PropertyGroup>
  <Import Project="/$(StyleDocument)/Parts/$(StyleProject)" />
</Project>